id,img_path
000000000139.jpg,val2017\000000000139.jpg
000000000285.jpg,val2017\000000000285.jpg
000000000632.jpg,val2017\000000000632.jpg
000000000724.jpg,val2017\000000000724.jpg
000000000776.jpg,val2017\000000000776.jpg
000000000785.jpg,val2017\000000000785.jpg
000000000802.jpg,val2017\000000000802.jpg
000000000872.jpg,val2017\000000000872.jpg
000000000885.jpg,val2017\000000000885.jpg
000000001000.jpg,val2017\000000001000.jpg
000000001268.jpg,val2017\000000001268.jpg
000000001296.jpg,val2017\000000001296.jpg
000000001353.jpg,val2017\000000001353.jpg
000000001425.jpg,val2017\000000001425.jpg
000000001490.jpg,val2017\000000001490.jpg
000000001503.jpg,val2017\000000001503.jpg
000000001532.jpg,val2017\000000001532.jpg
000000001584.jpg,val2017\000000001584.jpg
000000001675.jpg,val2017\000000001675.jpg
000000001761.jpg,val2017\000000001761.jpg
000000001818.jpg,val2017\000000001818.jpg
000000001993.jpg,val2017\000000001993.jpg
000000002006.jpg,val2017\000000002006.jpg
000000002149.jpg,val2017\000000002149.jpg
000000002153.jpg,val2017\000000002153.jpg
000000002157.jpg,val2017\000000002157.jpg
000000002261.jpg,val2017\000000002261.jpg
000000002299.jpg,val2017\000000002299.jpg
000000002431.jpg,val2017\000000002431.jpg
000000002473.jpg,val2017\000000002473.jpg
000000002532.jpg,val2017\000000002532.jpg
000000002587.jpg,val2017\000000002587.jpg
000000002592.jpg,val2017\000000002592.jpg
000000002685.jpg,val2017\000000002685.jpg
000000002923.jpg,val2017\000000002923.jpg
000000003156.jpg,val2017\000000003156.jpg
000000003255.jpg,val2017\000000003255.jpg
000000003501.jpg,val2017\000000003501.jpg
000000003553.jpg,val2017\000000003553.jpg
000000003661.jpg,val2017\000000003661.jpg
000000003845.jpg,val2017\000000003845.jpg
000000003934.jpg,val2017\000000003934.jpg
000000004134.jpg,val2017\000000004134.jpg
000000004395.jpg,val2017\000000004395.jpg
000000004495.jpg,val2017\000000004495.jpg
000000004765.jpg,val2017\000000004765.jpg
000000004795.jpg,val2017\000000004795.jpg
000000005001.jpg,val2017\000000005001.jpg
000000005037.jpg,val2017\000000005037.jpg
000000005060.jpg,val2017\000000005060.jpg
000000005193.jpg,val2017\000000005193.jpg
000000005477.jpg,val2017\000000005477.jpg
000000005503.jpg,val2017\000000005503.jpg
000000005529.jpg,val2017\000000005529.jpg
000000005586.jpg,val2017\000000005586.jpg
000000005600.jpg,val2017\000000005600.jpg
000000005992.jpg,val2017\000000005992.jpg
000000006012.jpg,val2017\000000006012.jpg
000000006040.jpg,val2017\000000006040.jpg
000000006213.jpg,val2017\000000006213.jpg
000000006460.jpg,val2017\000000006460.jpg
000000006471.jpg,val2017\000000006471.jpg
000000006614.jpg,val2017\000000006614.jpg
000000006723.jpg,val2017\000000006723.jpg
000000006763.jpg,val2017\000000006763.jpg
000000006771.jpg,val2017\000000006771.jpg
000000006818.jpg,val2017\000000006818.jpg
000000006894.jpg,val2017\000000006894.jpg
000000006954.jpg,val2017\000000006954.jpg
000000007088.jpg,val2017\000000007088.jpg
000000007108.jpg,val2017\000000007108.jpg
000000007278.jpg,val2017\000000007278.jpg
000000007281.jpg,val2017\000000007281.jpg
000000007386.jpg,val2017\000000007386.jpg
000000007511.jpg,val2017\000000007511.jpg
000000007574.jpg,val2017\000000007574.jpg
000000007784.jpg,val2017\000000007784.jpg
000000007795.jpg,val2017\000000007795.jpg
000000007816.jpg,val2017\000000007816.jpg
000000007818.jpg,val2017\000000007818.jpg
000000007888.jpg,val2017\000000007888.jpg
000000007977.jpg,val2017\000000007977.jpg
000000007991.jpg,val2017\000000007991.jpg
000000008021.jpg,val2017\000000008021.jpg
000000008211.jpg,val2017\000000008211.jpg
000000008277.jpg,val2017\000000008277.jpg
000000008532.jpg,val2017\000000008532.jpg
000000008629.jpg,val2017\000000008629.jpg
000000008690.jpg,val2017\000000008690.jpg
000000008762.jpg,val2017\000000008762.jpg
000000008844.jpg,val2017\000000008844.jpg
000000008899.jpg,val2017\000000008899.jpg
000000009378.jpg,val2017\000000009378.jpg
000000009400.jpg,val2017\000000009400.jpg
000000009448.jpg,val2017\000000009448.jpg
000000009483.jpg,val2017\000000009483.jpg
000000009590.jpg,val2017\000000009590.jpg
000000009769.jpg,val2017\000000009769.jpg
000000009772.jpg,val2017\000000009772.jpg
000000009891.jpg,val2017\000000009891.jpg
000000009914.jpg,val2017\000000009914.jpg
000000010092.jpg,val2017\000000010092.jpg
000000010363.jpg,val2017\000000010363.jpg
000000010583.jpg,val2017\000000010583.jpg
000000010707.jpg,val2017\000000010707.jpg
000000010764.jpg,val2017\000000010764.jpg
000000010977.jpg,val2017\000000010977.jpg
000000010995.jpg,val2017\000000010995.jpg
000000011051.jpg,val2017\000000011051.jpg
000000011122.jpg,val2017\000000011122.jpg
000000011149.jpg,val2017\000000011149.jpg
000000011197.jpg,val2017\000000011197.jpg
000000011511.jpg,val2017\000000011511.jpg
000000011615.jpg,val2017\000000011615.jpg
000000011699.jpg,val2017\000000011699.jpg
000000011760.jpg,val2017\000000011760.jpg
000000011813.jpg,val2017\000000011813.jpg
000000012062.jpg,val2017\000000012062.jpg
000000012120.jpg,val2017\000000012120.jpg
000000012280.jpg,val2017\000000012280.jpg
000000012576.jpg,val2017\000000012576.jpg
000000012639.jpg,val2017\000000012639.jpg
000000012667.jpg,val2017\000000012667.jpg
000000012670.jpg,val2017\000000012670.jpg
000000012748.jpg,val2017\000000012748.jpg
000000013004.jpg,val2017\000000013004.jpg
000000013177.jpg,val2017\000000013177.jpg
000000013201.jpg,val2017\000000013201.jpg
000000013291.jpg,val2017\000000013291.jpg
000000013348.jpg,val2017\000000013348.jpg
000000013546.jpg,val2017\000000013546.jpg
000000013597.jpg,val2017\000000013597.jpg
000000013659.jpg,val2017\000000013659.jpg
000000013729.jpg,val2017\000000013729.jpg
000000013774.jpg,val2017\000000013774.jpg
000000013923.jpg,val2017\000000013923.jpg
000000014007.jpg,val2017\000000014007.jpg
000000014038.jpg,val2017\000000014038.jpg
000000014226.jpg,val2017\000000014226.jpg
000000014380.jpg,val2017\000000014380.jpg
000000014439.jpg,val2017\000000014439.jpg
000000014473.jpg,val2017\000000014473.jpg
000000014831.jpg,val2017\000000014831.jpg
000000014888.jpg,val2017\000000014888.jpg
000000015079.jpg,val2017\000000015079.jpg
000000015254.jpg,val2017\000000015254.jpg
000000015272.jpg,val2017\000000015272.jpg
000000015278.jpg,val2017\000000015278.jpg
000000015335.jpg,val2017\000000015335.jpg
000000015338.jpg,val2017\000000015338.jpg
000000015440.jpg,val2017\000000015440.jpg
000000015497.jpg,val2017\000000015497.jpg
000000015517.jpg,val2017\000000015517.jpg
000000015597.jpg,val2017\000000015597.jpg
000000015660.jpg,val2017\000000015660.jpg
000000015746.jpg,val2017\000000015746.jpg
000000015751.jpg,val2017\000000015751.jpg
000000015956.jpg,val2017\000000015956.jpg
000000016010.jpg,val2017\000000016010.jpg
000000016228.jpg,val2017\000000016228.jpg
000000016249.jpg,val2017\000000016249.jpg
000000016439.jpg,val2017\000000016439.jpg
000000016451.jpg,val2017\000000016451.jpg
000000016502.jpg,val2017\000000016502.jpg
000000016598.jpg,val2017\000000016598.jpg
000000016958.jpg,val2017\000000016958.jpg
000000017029.jpg,val2017\000000017029.jpg
000000017031.jpg,val2017\000000017031.jpg
000000017115.jpg,val2017\000000017115.jpg
000000017178.jpg,val2017\000000017178.jpg
000000017182.jpg,val2017\000000017182.jpg
000000017207.jpg,val2017\000000017207.jpg
000000017379.jpg,val2017\000000017379.jpg
000000017436.jpg,val2017\000000017436.jpg
000000017627.jpg,val2017\000000017627.jpg
000000017714.jpg,val2017\000000017714.jpg
000000017899.jpg,val2017\000000017899.jpg
000000017905.jpg,val2017\000000017905.jpg
000000017959.jpg,val2017\000000017959.jpg
000000018150.jpg,val2017\000000018150.jpg
000000018193.jpg,val2017\000000018193.jpg
000000018380.jpg,val2017\000000018380.jpg
000000018491.jpg,val2017\000000018491.jpg
000000018519.jpg,val2017\000000018519.jpg
000000018575.jpg,val2017\000000018575.jpg
000000018737.jpg,val2017\000000018737.jpg
000000018770.jpg,val2017\000000018770.jpg
000000018833.jpg,val2017\000000018833.jpg
000000018837.jpg,val2017\000000018837.jpg
000000019042.jpg,val2017\000000019042.jpg
000000019109.jpg,val2017\000000019109.jpg
000000019221.jpg,val2017\000000019221.jpg
000000019402.jpg,val2017\000000019402.jpg
000000019432.jpg,val2017\000000019432.jpg
000000019742.jpg,val2017\000000019742.jpg
000000019786.jpg,val2017\000000019786.jpg
000000019924.jpg,val2017\000000019924.jpg
000000020059.jpg,val2017\000000020059.jpg
000000020107.jpg,val2017\000000020107.jpg
000000020247.jpg,val2017\000000020247.jpg
000000020333.jpg,val2017\000000020333.jpg
000000020553.jpg,val2017\000000020553.jpg
000000020571.jpg,val2017\000000020571.jpg
000000020992.jpg,val2017\000000020992.jpg
000000021167.jpg,val2017\000000021167.jpg
000000021465.jpg,val2017\000000021465.jpg
000000021503.jpg,val2017\000000021503.jpg
000000021604.jpg,val2017\000000021604.jpg
000000021839.jpg,val2017\000000021839.jpg
000000021879.jpg,val2017\000000021879.jpg
000000021903.jpg,val2017\000000021903.jpg
000000022192.jpg,val2017\000000022192.jpg
000000022371.jpg,val2017\000000022371.jpg
000000022396.jpg,val2017\000000022396.jpg
000000022479.jpg,val2017\000000022479.jpg
000000022589.jpg,val2017\000000022589.jpg
000000022623.jpg,val2017\000000022623.jpg
000000022705.jpg,val2017\000000022705.jpg
000000022755.jpg,val2017\000000022755.jpg
000000022892.jpg,val2017\000000022892.jpg
000000022935.jpg,val2017\000000022935.jpg
000000022969.jpg,val2017\000000022969.jpg
000000023023.jpg,val2017\000000023023.jpg
000000023034.jpg,val2017\000000023034.jpg
000000023126.jpg,val2017\000000023126.jpg
000000023230.jpg,val2017\000000023230.jpg
000000023272.jpg,val2017\000000023272.jpg
000000023359.jpg,val2017\000000023359.jpg
000000023666.jpg,val2017\000000023666.jpg
000000023751.jpg,val2017\000000023751.jpg
000000023781.jpg,val2017\000000023781.jpg
000000023899.jpg,val2017\000000023899.jpg
000000023937.jpg,val2017\000000023937.jpg
000000024021.jpg,val2017\000000024021.jpg
000000024027.jpg,val2017\000000024027.jpg
000000024144.jpg,val2017\000000024144.jpg
000000024243.jpg,val2017\000000024243.jpg
000000024567.jpg,val2017\000000024567.jpg
000000024610.jpg,val2017\000000024610.jpg
000000024919.jpg,val2017\000000024919.jpg
000000025057.jpg,val2017\000000025057.jpg
000000025096.jpg,val2017\000000025096.jpg
000000025139.jpg,val2017\000000025139.jpg
000000025181.jpg,val2017\000000025181.jpg
000000025228.jpg,val2017\000000025228.jpg
000000025386.jpg,val2017\000000025386.jpg
000000025393.jpg,val2017\000000025393.jpg
000000025394.jpg,val2017\000000025394.jpg
000000025424.jpg,val2017\000000025424.jpg
000000025560.jpg,val2017\000000025560.jpg
000000025593.jpg,val2017\000000025593.jpg
000000025603.jpg,val2017\000000025603.jpg
000000025986.jpg,val2017\000000025986.jpg
000000026204.jpg,val2017\000000026204.jpg
000000026465.jpg,val2017\000000026465.jpg
000000026564.jpg,val2017\000000026564.jpg
000000026690.jpg,val2017\000000026690.jpg
000000026926.jpg,val2017\000000026926.jpg
000000026941.jpg,val2017\000000026941.jpg
000000027186.jpg,val2017\000000027186.jpg
000000027620.jpg,val2017\000000027620.jpg
000000027696.jpg,val2017\000000027696.jpg
000000027768.jpg,val2017\000000027768.jpg
000000027932.jpg,val2017\000000027932.jpg
000000027972.jpg,val2017\000000027972.jpg
000000027982.jpg,val2017\000000027982.jpg
000000028285.jpg,val2017\000000028285.jpg
000000028449.jpg,val2017\000000028449.jpg
000000028452.jpg,val2017\000000028452.jpg
000000028809.jpg,val2017\000000028809.jpg
000000028993.jpg,val2017\000000028993.jpg
000000029187.jpg,val2017\000000029187.jpg
000000029393.jpg,val2017\000000029393.jpg
000000029397.jpg,val2017\000000029397.jpg
000000029596.jpg,val2017\000000029596.jpg
000000029640.jpg,val2017\000000029640.jpg
000000029675.jpg,val2017\000000029675.jpg
000000029984.jpg,val2017\000000029984.jpg
000000030213.jpg,val2017\000000030213.jpg
000000030494.jpg,val2017\000000030494.jpg
000000030504.jpg,val2017\000000030504.jpg
000000030675.jpg,val2017\000000030675.jpg
000000030785.jpg,val2017\000000030785.jpg
000000030828.jpg,val2017\000000030828.jpg
000000031050.jpg,val2017\000000031050.jpg
000000031093.jpg,val2017\000000031093.jpg
000000031118.jpg,val2017\000000031118.jpg
000000031217.jpg,val2017\000000031217.jpg
000000031248.jpg,val2017\000000031248.jpg
000000031269.jpg,val2017\000000031269.jpg
000000031296.jpg,val2017\000000031296.jpg
000000031322.jpg,val2017\000000031322.jpg
000000031620.jpg,val2017\000000031620.jpg
000000031735.jpg,val2017\000000031735.jpg
000000031749.jpg,val2017\000000031749.jpg
000000031817.jpg,val2017\000000031817.jpg
000000032038.jpg,val2017\000000032038.jpg
000000032081.jpg,val2017\000000032081.jpg
000000032285.jpg,val2017\000000032285.jpg
000000032334.jpg,val2017\000000032334.jpg
000000032570.jpg,val2017\000000032570.jpg
000000032610.jpg,val2017\000000032610.jpg
000000032735.jpg,val2017\000000032735.jpg
000000032811.jpg,val2017\000000032811.jpg
000000032817.jpg,val2017\000000032817.jpg
000000032861.jpg,val2017\000000032861.jpg
000000032887.jpg,val2017\000000032887.jpg
000000032901.jpg,val2017\000000032901.jpg
000000032941.jpg,val2017\000000032941.jpg
000000033005.jpg,val2017\000000033005.jpg
000000033104.jpg,val2017\000000033104.jpg
000000033109.jpg,val2017\000000033109.jpg
000000033114.jpg,val2017\000000033114.jpg
000000033221.jpg,val2017\000000033221.jpg
000000033368.jpg,val2017\000000033368.jpg
000000033638.jpg,val2017\000000033638.jpg
000000033707.jpg,val2017\000000033707.jpg
000000033759.jpg,val2017\000000033759.jpg
000000033854.jpg,val2017\000000033854.jpg
000000034071.jpg,val2017\000000034071.jpg
000000034139.jpg,val2017\000000034139.jpg
000000034205.jpg,val2017\000000034205.jpg
000000034257.jpg,val2017\000000034257.jpg
000000034417.jpg,val2017\000000034417.jpg
000000034452.jpg,val2017\000000034452.jpg
000000034760.jpg,val2017\000000034760.jpg
000000034873.jpg,val2017\000000034873.jpg
000000035062.jpg,val2017\000000035062.jpg
000000035197.jpg,val2017\000000035197.jpg
000000035279.jpg,val2017\000000035279.jpg
000000035326.jpg,val2017\000000035326.jpg
000000035682.jpg,val2017\000000035682.jpg
000000035770.jpg,val2017\000000035770.jpg
000000035963.jpg,val2017\000000035963.jpg
000000036494.jpg,val2017\000000036494.jpg
000000036539.jpg,val2017\000000036539.jpg
000000036660.jpg,val2017\000000036660.jpg
000000036678.jpg,val2017\000000036678.jpg
000000036844.jpg,val2017\000000036844.jpg
000000036861.jpg,val2017\000000036861.jpg
000000036936.jpg,val2017\000000036936.jpg
000000037670.jpg,val2017\000000037670.jpg
000000037689.jpg,val2017\000000037689.jpg
000000037740.jpg,val2017\000000037740.jpg
000000037751.jpg,val2017\000000037751.jpg
000000037777.jpg,val2017\000000037777.jpg
000000037988.jpg,val2017\000000037988.jpg
000000038048.jpg,val2017\000000038048.jpg
000000038070.jpg,val2017\000000038070.jpg
000000038118.jpg,val2017\000000038118.jpg
000000038210.jpg,val2017\000000038210.jpg
000000038576.jpg,val2017\000000038576.jpg
000000038678.jpg,val2017\000000038678.jpg
000000038825.jpg,val2017\000000038825.jpg
000000038829.jpg,val2017\000000038829.jpg
000000039405.jpg,val2017\000000039405.jpg
000000039477.jpg,val2017\000000039477.jpg
000000039480.jpg,val2017\000000039480.jpg
000000039484.jpg,val2017\000000039484.jpg
000000039551.jpg,val2017\000000039551.jpg
000000039670.jpg,val2017\000000039670.jpg
000000039769.jpg,val2017\000000039769.jpg
000000039785.jpg,val2017\000000039785.jpg
000000039914.jpg,val2017\000000039914.jpg
000000039951.jpg,val2017\000000039951.jpg
000000039956.jpg,val2017\000000039956.jpg
000000040036.jpg,val2017\000000040036.jpg
000000040083.jpg,val2017\000000040083.jpg
000000040471.jpg,val2017\000000040471.jpg
000000040757.jpg,val2017\000000040757.jpg
000000041488.jpg,val2017\000000041488.jpg
000000041633.jpg,val2017\000000041633.jpg
000000041635.jpg,val2017\000000041635.jpg
000000041872.jpg,val2017\000000041872.jpg
000000041888.jpg,val2017\000000041888.jpg
000000041990.jpg,val2017\000000041990.jpg
000000042070.jpg,val2017\000000042070.jpg
000000042102.jpg,val2017\000000042102.jpg
000000042178.jpg,val2017\000000042178.jpg
000000042276.jpg,val2017\000000042276.jpg
000000042296.jpg,val2017\000000042296.jpg
000000042528.jpg,val2017\000000042528.jpg
000000042563.jpg,val2017\000000042563.jpg
000000042628.jpg,val2017\000000042628.jpg
000000042888.jpg,val2017\000000042888.jpg
000000042889.jpg,val2017\000000042889.jpg
000000043314.jpg,val2017\000000043314.jpg
000000043435.jpg,val2017\000000043435.jpg
000000043581.jpg,val2017\000000043581.jpg
000000043737.jpg,val2017\000000043737.jpg
000000043816.jpg,val2017\000000043816.jpg
000000044068.jpg,val2017\000000044068.jpg
000000044195.jpg,val2017\000000044195.jpg
000000044260.jpg,val2017\000000044260.jpg
000000044279.jpg,val2017\000000044279.jpg
000000044590.jpg,val2017\000000044590.jpg
000000044652.jpg,val2017\000000044652.jpg
000000044699.jpg,val2017\000000044699.jpg
000000044877.jpg,val2017\000000044877.jpg
000000045070.jpg,val2017\000000045070.jpg
000000045090.jpg,val2017\000000045090.jpg
000000045229.jpg,val2017\000000045229.jpg
000000045472.jpg,val2017\000000045472.jpg
000000045550.jpg,val2017\000000045550.jpg
000000045596.jpg,val2017\000000045596.jpg
000000045728.jpg,val2017\000000045728.jpg
000000046031.jpg,val2017\000000046031.jpg
000000046048.jpg,val2017\000000046048.jpg
000000046252.jpg,val2017\000000046252.jpg
000000046378.jpg,val2017\000000046378.jpg
000000046463.jpg,val2017\000000046463.jpg
000000046497.jpg,val2017\000000046497.jpg
000000046804.jpg,val2017\000000046804.jpg
000000046872.jpg,val2017\000000046872.jpg
000000047010.jpg,val2017\000000047010.jpg
000000047112.jpg,val2017\000000047112.jpg
000000047121.jpg,val2017\000000047121.jpg
000000047571.jpg,val2017\000000047571.jpg
000000047585.jpg,val2017\000000047585.jpg
000000047740.jpg,val2017\000000047740.jpg
000000047769.jpg,val2017\000000047769.jpg
000000047801.jpg,val2017\000000047801.jpg
000000047819.jpg,val2017\000000047819.jpg
000000047828.jpg,val2017\000000047828.jpg
000000048153.jpg,val2017\000000048153.jpg
000000048396.jpg,val2017\000000048396.jpg
000000048504.jpg,val2017\000000048504.jpg
000000048555.jpg,val2017\000000048555.jpg
000000048564.jpg,val2017\000000048564.jpg
000000048924.jpg,val2017\000000048924.jpg
000000049060.jpg,val2017\000000049060.jpg
000000049091.jpg,val2017\000000049091.jpg
000000049259.jpg,val2017\000000049259.jpg
000000049269.jpg,val2017\000000049269.jpg
000000049759.jpg,val2017\000000049759.jpg
000000049761.jpg,val2017\000000049761.jpg
000000049810.jpg,val2017\000000049810.jpg
000000050006.jpg,val2017\000000050006.jpg
000000050145.jpg,val2017\000000050145.jpg
000000050149.jpg,val2017\000000050149.jpg
000000050165.jpg,val2017\000000050165.jpg
000000050326.jpg,val2017\000000050326.jpg
000000050331.jpg,val2017\000000050331.jpg
000000050380.jpg,val2017\000000050380.jpg
000000050638.jpg,val2017\000000050638.jpg
000000050679.jpg,val2017\000000050679.jpg
000000050811.jpg,val2017\000000050811.jpg
000000050828.jpg,val2017\000000050828.jpg
000000050844.jpg,val2017\000000050844.jpg
000000050896.jpg,val2017\000000050896.jpg
000000050943.jpg,val2017\000000050943.jpg
000000051008.jpg,val2017\000000051008.jpg
000000051309.jpg,val2017\000000051309.jpg
000000051314.jpg,val2017\000000051314.jpg
000000051326.jpg,val2017\000000051326.jpg
000000051598.jpg,val2017\000000051598.jpg
000000051610.jpg,val2017\000000051610.jpg
000000051712.jpg,val2017\000000051712.jpg
000000051738.jpg,val2017\000000051738.jpg
000000051938.jpg,val2017\000000051938.jpg
000000051961.jpg,val2017\000000051961.jpg
000000051976.jpg,val2017\000000051976.jpg
000000052007.jpg,val2017\000000052007.jpg
000000052017.jpg,val2017\000000052017.jpg
000000052412.jpg,val2017\000000052412.jpg
000000052413.jpg,val2017\000000052413.jpg
000000052462.jpg,val2017\000000052462.jpg
000000052507.jpg,val2017\000000052507.jpg
000000052565.jpg,val2017\000000052565.jpg
000000052591.jpg,val2017\000000052591.jpg
000000052891.jpg,val2017\000000052891.jpg
000000052996.jpg,val2017\000000052996.jpg
000000053505.jpg,val2017\000000053505.jpg
000000053529.jpg,val2017\000000053529.jpg
000000053624.jpg,val2017\000000053624.jpg
000000053626.jpg,val2017\000000053626.jpg
000000053909.jpg,val2017\000000053909.jpg
000000053994.jpg,val2017\000000053994.jpg
000000054123.jpg,val2017\000000054123.jpg
000000054164.jpg,val2017\000000054164.jpg
000000054592.jpg,val2017\000000054592.jpg
000000054593.jpg,val2017\000000054593.jpg
000000054605.jpg,val2017\000000054605.jpg
000000054628.jpg,val2017\000000054628.jpg
000000054654.jpg,val2017\000000054654.jpg
000000054931.jpg,val2017\000000054931.jpg
000000054967.jpg,val2017\000000054967.jpg
000000055002.jpg,val2017\000000055002.jpg
000000055022.jpg,val2017\000000055022.jpg
000000055072.jpg,val2017\000000055072.jpg
000000055150.jpg,val2017\000000055150.jpg
000000055167.jpg,val2017\000000055167.jpg
000000055299.jpg,val2017\000000055299.jpg
000000055528.jpg,val2017\000000055528.jpg
000000055950.jpg,val2017\000000055950.jpg
000000056127.jpg,val2017\000000056127.jpg
000000056288.jpg,val2017\000000056288.jpg
000000056344.jpg,val2017\000000056344.jpg
000000056350.jpg,val2017\000000056350.jpg
000000056545.jpg,val2017\000000056545.jpg
000000057027.jpg,val2017\000000057027.jpg
000000057149.jpg,val2017\000000057149.jpg
000000057150.jpg,val2017\000000057150.jpg
000000057232.jpg,val2017\000000057232.jpg
000000057238.jpg,val2017\000000057238.jpg
000000057244.jpg,val2017\000000057244.jpg
000000057597.jpg,val2017\000000057597.jpg
000000057672.jpg,val2017\000000057672.jpg
000000057725.jpg,val2017\000000057725.jpg
000000057760.jpg,val2017\000000057760.jpg
000000058029.jpg,val2017\000000058029.jpg
000000058111.jpg,val2017\000000058111.jpg
000000058350.jpg,val2017\000000058350.jpg
000000058384.jpg,val2017\000000058384.jpg
000000058393.jpg,val2017\000000058393.jpg
000000058539.jpg,val2017\000000058539.jpg
000000058636.jpg,val2017\000000058636.jpg
000000058655.jpg,val2017\000000058655.jpg
000000058705.jpg,val2017\000000058705.jpg
000000059044.jpg,val2017\000000059044.jpg
000000059386.jpg,val2017\000000059386.jpg
000000059598.jpg,val2017\000000059598.jpg
000000059635.jpg,val2017\000000059635.jpg
000000059920.jpg,val2017\000000059920.jpg
000000060052.jpg,val2017\000000060052.jpg
000000060090.jpg,val2017\000000060090.jpg
000000060102.jpg,val2017\000000060102.jpg
000000060347.jpg,val2017\000000060347.jpg
000000060363.jpg,val2017\000000060363.jpg
000000060449.jpg,val2017\000000060449.jpg
000000060507.jpg,val2017\000000060507.jpg
000000060770.jpg,val2017\000000060770.jpg
000000060823.jpg,val2017\000000060823.jpg
000000060835.jpg,val2017\000000060835.jpg
000000060855.jpg,val2017\000000060855.jpg
000000060886.jpg,val2017\000000060886.jpg
000000060899.jpg,val2017\000000060899.jpg
000000060932.jpg,val2017\000000060932.jpg
000000061108.jpg,val2017\000000061108.jpg
000000061171.jpg,val2017\000000061171.jpg
000000061268.jpg,val2017\000000061268.jpg
000000061333.jpg,val2017\000000061333.jpg
000000061418.jpg,val2017\000000061418.jpg
000000061471.jpg,val2017\000000061471.jpg
000000061584.jpg,val2017\000000061584.jpg
000000061658.jpg,val2017\000000061658.jpg
000000061747.jpg,val2017\000000061747.jpg
000000061960.jpg,val2017\000000061960.jpg
000000062025.jpg,val2017\000000062025.jpg
000000062353.jpg,val2017\000000062353.jpg
000000062355.jpg,val2017\000000062355.jpg
000000062554.jpg,val2017\000000062554.jpg
000000062692.jpg,val2017\000000062692.jpg
000000062808.jpg,val2017\000000062808.jpg
000000063047.jpg,val2017\000000063047.jpg
000000063154.jpg,val2017\000000063154.jpg
000000063552.jpg,val2017\000000063552.jpg
000000063602.jpg,val2017\000000063602.jpg
000000063740.jpg,val2017\000000063740.jpg
000000063965.jpg,val2017\000000063965.jpg
000000064084.jpg,val2017\000000064084.jpg
000000064359.jpg,val2017\000000064359.jpg
000000064462.jpg,val2017\000000064462.jpg
000000064495.jpg,val2017\000000064495.jpg
000000064499.jpg,val2017\000000064499.jpg
000000064523.jpg,val2017\000000064523.jpg
000000064574.jpg,val2017\000000064574.jpg
000000064718.jpg,val2017\000000064718.jpg
000000064868.jpg,val2017\000000064868.jpg
000000064898.jpg,val2017\000000064898.jpg
000000065074.jpg,val2017\000000065074.jpg
000000065288.jpg,val2017\000000065288.jpg
000000065350.jpg,val2017\000000065350.jpg
000000065455.jpg,val2017\000000065455.jpg
000000065485.jpg,val2017\000000065485.jpg
000000065736.jpg,val2017\000000065736.jpg
000000065798.jpg,val2017\000000065798.jpg
000000066038.jpg,val2017\000000066038.jpg
000000066135.jpg,val2017\000000066135.jpg
000000066231.jpg,val2017\000000066231.jpg
000000066523.jpg,val2017\000000066523.jpg
000000066561.jpg,val2017\000000066561.jpg
000000066635.jpg,val2017\000000066635.jpg
000000066706.jpg,val2017\000000066706.jpg
000000066771.jpg,val2017\000000066771.jpg
000000066817.jpg,val2017\000000066817.jpg
000000066841.jpg,val2017\000000066841.jpg
000000066886.jpg,val2017\000000066886.jpg
000000066926.jpg,val2017\000000066926.jpg
000000067180.jpg,val2017\000000067180.jpg
000000067213.jpg,val2017\000000067213.jpg
000000067310.jpg,val2017\000000067310.jpg
000000067315.jpg,val2017\000000067315.jpg
000000067406.jpg,val2017\000000067406.jpg
000000067534.jpg,val2017\000000067534.jpg
000000067616.jpg,val2017\000000067616.jpg
000000067896.jpg,val2017\000000067896.jpg
000000068078.jpg,val2017\000000068078.jpg
000000068093.jpg,val2017\000000068093.jpg
000000068286.jpg,val2017\000000068286.jpg
000000068387.jpg,val2017\000000068387.jpg
000000068409.jpg,val2017\000000068409.jpg
000000068628.jpg,val2017\000000068628.jpg
000000068765.jpg,val2017\000000068765.jpg
000000068833.jpg,val2017\000000068833.jpg
000000068933.jpg,val2017\000000068933.jpg
000000069106.jpg,val2017\000000069106.jpg
000000069138.jpg,val2017\000000069138.jpg
000000069213.jpg,val2017\000000069213.jpg
000000069224.jpg,val2017\000000069224.jpg
000000069356.jpg,val2017\000000069356.jpg
000000069795.jpg,val2017\000000069795.jpg
000000070048.jpg,val2017\000000070048.jpg
000000070158.jpg,val2017\000000070158.jpg
000000070229.jpg,val2017\000000070229.jpg
000000070254.jpg,val2017\000000070254.jpg
000000070739.jpg,val2017\000000070739.jpg
000000070774.jpg,val2017\000000070774.jpg
000000071226.jpg,val2017\000000071226.jpg
000000071451.jpg,val2017\000000071451.jpg
000000071711.jpg,val2017\000000071711.jpg
000000071756.jpg,val2017\000000071756.jpg
000000071877.jpg,val2017\000000071877.jpg
000000071938.jpg,val2017\000000071938.jpg
000000072281.jpg,val2017\000000072281.jpg
000000072795.jpg,val2017\000000072795.jpg
000000072813.jpg,val2017\000000072813.jpg
000000072852.jpg,val2017\000000072852.jpg
000000073118.jpg,val2017\000000073118.jpg
000000073153.jpg,val2017\000000073153.jpg
000000073326.jpg,val2017\000000073326.jpg
000000073533.jpg,val2017\000000073533.jpg
000000073702.jpg,val2017\000000073702.jpg
000000073946.jpg,val2017\000000073946.jpg
000000074058.jpg,val2017\000000074058.jpg
000000074092.jpg,val2017\000000074092.jpg
000000074200.jpg,val2017\000000074200.jpg
000000074209.jpg,val2017\000000074209.jpg
000000074256.jpg,val2017\000000074256.jpg
000000074457.jpg,val2017\000000074457.jpg
000000074646.jpg,val2017\000000074646.jpg
000000074733.jpg,val2017\000000074733.jpg
000000074860.jpg,val2017\000000074860.jpg
000000075393.jpg,val2017\000000075393.jpg
000000075456.jpg,val2017\000000075456.jpg
000000075612.jpg,val2017\000000075612.jpg
000000076211.jpg,val2017\000000076211.jpg
000000076261.jpg,val2017\000000076261.jpg
000000076416.jpg,val2017\000000076416.jpg
000000076417.jpg,val2017\000000076417.jpg
000000076468.jpg,val2017\000000076468.jpg
000000076547.jpg,val2017\000000076547.jpg
000000076625.jpg,val2017\000000076625.jpg
000000076731.jpg,val2017\000000076731.jpg
000000077396.jpg,val2017\000000077396.jpg
000000077460.jpg,val2017\000000077460.jpg
000000077595.jpg,val2017\000000077595.jpg
000000078032.jpg,val2017\000000078032.jpg
000000078170.jpg,val2017\000000078170.jpg
000000078266.jpg,val2017\000000078266.jpg
000000078404.jpg,val2017\000000078404.jpg
000000078420.jpg,val2017\000000078420.jpg
000000078426.jpg,val2017\000000078426.jpg
000000078565.jpg,val2017\000000078565.jpg
000000078748.jpg,val2017\000000078748.jpg
000000078823.jpg,val2017\000000078823.jpg
000000078843.jpg,val2017\000000078843.jpg
000000078915.jpg,val2017\000000078915.jpg
000000078959.jpg,val2017\000000078959.jpg
000000079014.jpg,val2017\000000079014.jpg
000000079031.jpg,val2017\000000079031.jpg
000000079034.jpg,val2017\000000079034.jpg
000000079144.jpg,val2017\000000079144.jpg
000000079188.jpg,val2017\000000079188.jpg
000000079229.jpg,val2017\000000079229.jpg
000000079408.jpg,val2017\000000079408.jpg
000000079565.jpg,val2017\000000079565.jpg
000000079588.jpg,val2017\000000079588.jpg
000000079651.jpg,val2017\000000079651.jpg
000000079837.jpg,val2017\000000079837.jpg
000000079969.jpg,val2017\000000079969.jpg
000000080022.jpg,val2017\000000080022.jpg
000000080057.jpg,val2017\000000080057.jpg
000000080153.jpg,val2017\000000080153.jpg
000000080273.jpg,val2017\000000080273.jpg
000000080274.jpg,val2017\000000080274.jpg
000000080340.jpg,val2017\000000080340.jpg
000000080413.jpg,val2017\000000080413.jpg
000000080659.jpg,val2017\000000080659.jpg
000000080666.jpg,val2017\000000080666.jpg
000000080671.jpg,val2017\000000080671.jpg
000000080932.jpg,val2017\000000080932.jpg
000000080949.jpg,val2017\000000080949.jpg
000000081061.jpg,val2017\000000081061.jpg
000000081394.jpg,val2017\000000081394.jpg
000000081594.jpg,val2017\000000081594.jpg
000000081738.jpg,val2017\000000081738.jpg
000000081766.jpg,val2017\000000081766.jpg
000000081988.jpg,val2017\000000081988.jpg
000000082085.jpg,val2017\000000082085.jpg
000000082180.jpg,val2017\000000082180.jpg
000000082688.jpg,val2017\000000082688.jpg
000000082696.jpg,val2017\000000082696.jpg
000000082715.jpg,val2017\000000082715.jpg
000000082765.jpg,val2017\000000082765.jpg
000000082807.jpg,val2017\000000082807.jpg
000000082812.jpg,val2017\000000082812.jpg
000000082821.jpg,val2017\000000082821.jpg
000000082846.jpg,val2017\000000082846.jpg
000000082986.jpg,val2017\000000082986.jpg
000000083113.jpg,val2017\000000083113.jpg
000000083172.jpg,val2017\000000083172.jpg
000000083531.jpg,val2017\000000083531.jpg
000000083540.jpg,val2017\000000083540.jpg
000000084031.jpg,val2017\000000084031.jpg
000000084170.jpg,val2017\000000084170.jpg
000000084241.jpg,val2017\000000084241.jpg
000000084270.jpg,val2017\000000084270.jpg
000000084362.jpg,val2017\000000084362.jpg
000000084431.jpg,val2017\000000084431.jpg
000000084477.jpg,val2017\000000084477.jpg
000000084492.jpg,val2017\000000084492.jpg
000000084650.jpg,val2017\000000084650.jpg
000000084664.jpg,val2017\000000084664.jpg
000000084674.jpg,val2017\000000084674.jpg
000000084752.jpg,val2017\000000084752.jpg
000000085089.jpg,val2017\000000085089.jpg
000000085157.jpg,val2017\000000085157.jpg
000000085195.jpg,val2017\000000085195.jpg
000000085329.jpg,val2017\000000085329.jpg
000000085376.jpg,val2017\000000085376.jpg
000000085478.jpg,val2017\000000085478.jpg
000000085576.jpg,val2017\000000085576.jpg
000000085665.jpg,val2017\000000085665.jpg
000000085682.jpg,val2017\000000085682.jpg
000000085772.jpg,val2017\000000085772.jpg
000000085823.jpg,val2017\000000085823.jpg
000000085911.jpg,val2017\000000085911.jpg
000000086220.jpg,val2017\000000086220.jpg
000000086483.jpg,val2017\000000086483.jpg
000000086582.jpg,val2017\000000086582.jpg
000000086755.jpg,val2017\000000086755.jpg
000000086956.jpg,val2017\000000086956.jpg
000000087038.jpg,val2017\000000087038.jpg
000000087144.jpg,val2017\000000087144.jpg
000000087244.jpg,val2017\000000087244.jpg
000000087470.jpg,val2017\000000087470.jpg
000000087476.jpg,val2017\000000087476.jpg
000000087742.jpg,val2017\000000087742.jpg
000000087875.jpg,val2017\000000087875.jpg
000000088040.jpg,val2017\000000088040.jpg
000000088218.jpg,val2017\000000088218.jpg
000000088250.jpg,val2017\000000088250.jpg
000000088265.jpg,val2017\000000088265.jpg
000000088269.jpg,val2017\000000088269.jpg
000000088345.jpg,val2017\000000088345.jpg
000000088432.jpg,val2017\000000088432.jpg
000000088462.jpg,val2017\000000088462.jpg
000000088485.jpg,val2017\000000088485.jpg
000000088848.jpg,val2017\000000088848.jpg
000000088951.jpg,val2017\000000088951.jpg
000000088970.jpg,val2017\000000088970.jpg
000000089045.jpg,val2017\000000089045.jpg
000000089078.jpg,val2017\000000089078.jpg
000000089271.jpg,val2017\000000089271.jpg
000000089296.jpg,val2017\000000089296.jpg
000000089556.jpg,val2017\000000089556.jpg
000000089648.jpg,val2017\000000089648.jpg
000000089670.jpg,val2017\000000089670.jpg
000000089697.jpg,val2017\000000089697.jpg
000000089761.jpg,val2017\000000089761.jpg
000000089880.jpg,val2017\000000089880.jpg
000000090003.jpg,val2017\000000090003.jpg
000000090062.jpg,val2017\000000090062.jpg
000000090108.jpg,val2017\000000090108.jpg
000000090155.jpg,val2017\000000090155.jpg
000000090208.jpg,val2017\000000090208.jpg
000000090284.jpg,val2017\000000090284.jpg
000000090631.jpg,val2017\000000090631.jpg
000000090891.jpg,val2017\000000090891.jpg
000000090956.jpg,val2017\000000090956.jpg
000000091406.jpg,val2017\000000091406.jpg
000000091495.jpg,val2017\000000091495.jpg
000000091500.jpg,val2017\000000091500.jpg
000000091615.jpg,val2017\000000091615.jpg
000000091619.jpg,val2017\000000091619.jpg
000000091654.jpg,val2017\000000091654.jpg
000000091779.jpg,val2017\000000091779.jpg
000000091921.jpg,val2017\000000091921.jpg
000000092053.jpg,val2017\000000092053.jpg
000000092091.jpg,val2017\000000092091.jpg
000000092124.jpg,val2017\000000092124.jpg
000000092177.jpg,val2017\000000092177.jpg
000000092416.jpg,val2017\000000092416.jpg
000000092660.jpg,val2017\000000092660.jpg
000000092839.jpg,val2017\000000092839.jpg
000000092939.jpg,val2017\000000092939.jpg
000000093154.jpg,val2017\000000093154.jpg
000000093261.jpg,val2017\000000093261.jpg
000000093353.jpg,val2017\000000093353.jpg
000000093437.jpg,val2017\000000093437.jpg
000000093717.jpg,val2017\000000093717.jpg
000000093965.jpg,val2017\000000093965.jpg
000000094157.jpg,val2017\000000094157.jpg
000000094185.jpg,val2017\000000094185.jpg
000000094326.jpg,val2017\000000094326.jpg
000000094336.jpg,val2017\000000094336.jpg
000000094614.jpg,val2017\000000094614.jpg
000000094751.jpg,val2017\000000094751.jpg
000000094852.jpg,val2017\000000094852.jpg
000000094871.jpg,val2017\000000094871.jpg
000000094944.jpg,val2017\000000094944.jpg
000000095069.jpg,val2017\000000095069.jpg
000000095155.jpg,val2017\000000095155.jpg
000000095707.jpg,val2017\000000095707.jpg
000000095786.jpg,val2017\000000095786.jpg
000000095843.jpg,val2017\000000095843.jpg
000000095862.jpg,val2017\000000095862.jpg
000000095899.jpg,val2017\000000095899.jpg
000000096001.jpg,val2017\000000096001.jpg
000000096427.jpg,val2017\000000096427.jpg
000000096493.jpg,val2017\000000096493.jpg
000000096549.jpg,val2017\000000096549.jpg
000000096825.jpg,val2017\000000096825.jpg
000000096960.jpg,val2017\000000096960.jpg
000000097022.jpg,val2017\000000097022.jpg
000000097230.jpg,val2017\000000097230.jpg
000000097278.jpg,val2017\000000097278.jpg
000000097337.jpg,val2017\000000097337.jpg
000000097585.jpg,val2017\000000097585.jpg
000000097679.jpg,val2017\000000097679.jpg
000000097924.jpg,val2017\000000097924.jpg
000000097988.jpg,val2017\000000097988.jpg
000000097994.jpg,val2017\000000097994.jpg
000000098018.jpg,val2017\000000098018.jpg
000000098261.jpg,val2017\000000098261.jpg
000000098287.jpg,val2017\000000098287.jpg
000000098392.jpg,val2017\000000098392.jpg
000000098497.jpg,val2017\000000098497.jpg
000000098520.jpg,val2017\000000098520.jpg
000000098633.jpg,val2017\000000098633.jpg
000000098716.jpg,val2017\000000098716.jpg
000000098839.jpg,val2017\000000098839.jpg
000000098853.jpg,val2017\000000098853.jpg
000000099024.jpg,val2017\000000099024.jpg
000000099039.jpg,val2017\000000099039.jpg
000000099053.jpg,val2017\000000099053.jpg
000000099054.jpg,val2017\000000099054.jpg
000000099114.jpg,val2017\000000099114.jpg
000000099182.jpg,val2017\000000099182.jpg
000000099242.jpg,val2017\000000099242.jpg
000000099428.jpg,val2017\000000099428.jpg
000000099810.jpg,val2017\000000099810.jpg
000000100238.jpg,val2017\000000100238.jpg
000000100274.jpg,val2017\000000100274.jpg
000000100283.jpg,val2017\000000100283.jpg
000000100428.jpg,val2017\000000100428.jpg
000000100489.jpg,val2017\000000100489.jpg
000000100510.jpg,val2017\000000100510.jpg
000000100582.jpg,val2017\000000100582.jpg
000000100624.jpg,val2017\000000100624.jpg
000000100723.jpg,val2017\000000100723.jpg
000000101022.jpg,val2017\000000101022.jpg
000000101068.jpg,val2017\000000101068.jpg
000000101420.jpg,val2017\000000101420.jpg
000000101762.jpg,val2017\000000101762.jpg
000000101780.jpg,val2017\000000101780.jpg
000000101787.jpg,val2017\000000101787.jpg
000000101884.jpg,val2017\000000101884.jpg
000000102331.jpg,val2017\000000102331.jpg
000000102356.jpg,val2017\000000102356.jpg
000000102411.jpg,val2017\000000102411.jpg
000000102644.jpg,val2017\000000102644.jpg
000000102707.jpg,val2017\000000102707.jpg
000000102805.jpg,val2017\000000102805.jpg
000000102820.jpg,val2017\000000102820.jpg
000000103548.jpg,val2017\000000103548.jpg
000000103585.jpg,val2017\000000103585.jpg
000000103723.jpg,val2017\000000103723.jpg
000000104119.jpg,val2017\000000104119.jpg
000000104198.jpg,val2017\000000104198.jpg
000000104424.jpg,val2017\000000104424.jpg
000000104455.jpg,val2017\000000104455.jpg
000000104572.jpg,val2017\000000104572.jpg
000000104603.jpg,val2017\000000104603.jpg
000000104612.jpg,val2017\000000104612.jpg
000000104619.jpg,val2017\000000104619.jpg
000000104666.jpg,val2017\000000104666.jpg
000000104669.jpg,val2017\000000104669.jpg
000000104782.jpg,val2017\000000104782.jpg
000000104803.jpg,val2017\000000104803.jpg
000000105014.jpg,val2017\000000105014.jpg
000000105249.jpg,val2017\000000105249.jpg
000000105264.jpg,val2017\000000105264.jpg
000000105335.jpg,val2017\000000105335.jpg
000000105455.jpg,val2017\000000105455.jpg
000000105912.jpg,val2017\000000105912.jpg
000000105923.jpg,val2017\000000105923.jpg
000000106048.jpg,val2017\000000106048.jpg
000000106235.jpg,val2017\000000106235.jpg
000000106266.jpg,val2017\000000106266.jpg
000000106281.jpg,val2017\000000106281.jpg
000000106330.jpg,val2017\000000106330.jpg
000000106389.jpg,val2017\000000106389.jpg
000000106563.jpg,val2017\000000106563.jpg
000000106757.jpg,val2017\000000106757.jpg
000000106881.jpg,val2017\000000106881.jpg
000000106912.jpg,val2017\000000106912.jpg
000000107087.jpg,val2017\000000107087.jpg
000000107094.jpg,val2017\000000107094.jpg
000000107226.jpg,val2017\000000107226.jpg
000000107339.jpg,val2017\000000107339.jpg
000000107554.jpg,val2017\000000107554.jpg
000000107851.jpg,val2017\000000107851.jpg
000000108026.jpg,val2017\000000108026.jpg
000000108244.jpg,val2017\000000108244.jpg
000000108253.jpg,val2017\000000108253.jpg
000000108440.jpg,val2017\000000108440.jpg
000000108495.jpg,val2017\000000108495.jpg
000000108503.jpg,val2017\000000108503.jpg
000000108864.jpg,val2017\000000108864.jpg
000000109055.jpg,val2017\000000109055.jpg
000000109118.jpg,val2017\000000109118.jpg
000000109313.jpg,val2017\000000109313.jpg
000000109441.jpg,val2017\000000109441.jpg
000000109798.jpg,val2017\000000109798.jpg
000000109827.jpg,val2017\000000109827.jpg
000000109900.jpg,val2017\000000109900.jpg
000000109916.jpg,val2017\000000109916.jpg
000000109976.jpg,val2017\000000109976.jpg
000000109992.jpg,val2017\000000109992.jpg
000000110042.jpg,val2017\000000110042.jpg
000000110211.jpg,val2017\000000110211.jpg
000000110282.jpg,val2017\000000110282.jpg
000000110359.jpg,val2017\000000110359.jpg
000000110449.jpg,val2017\000000110449.jpg
000000110638.jpg,val2017\000000110638.jpg
000000110721.jpg,val2017\000000110721.jpg
000000110784.jpg,val2017\000000110784.jpg
000000110884.jpg,val2017\000000110884.jpg
000000110972.jpg,val2017\000000110972.jpg
000000110999.jpg,val2017\000000110999.jpg
000000111036.jpg,val2017\000000111036.jpg
000000111086.jpg,val2017\000000111086.jpg
000000111179.jpg,val2017\000000111179.jpg
000000111207.jpg,val2017\000000111207.jpg
000000111609.jpg,val2017\000000111609.jpg
000000111951.jpg,val2017\000000111951.jpg
000000112110.jpg,val2017\000000112110.jpg
000000112298.jpg,val2017\000000112298.jpg
000000112378.jpg,val2017\000000112378.jpg
000000112626.jpg,val2017\000000112626.jpg
000000112634.jpg,val2017\000000112634.jpg
000000112798.jpg,val2017\000000112798.jpg
000000112997.jpg,val2017\000000112997.jpg
000000113051.jpg,val2017\000000113051.jpg
000000113235.jpg,val2017\000000113235.jpg
000000113354.jpg,val2017\000000113354.jpg
000000113403.jpg,val2017\000000113403.jpg
000000113589.jpg,val2017\000000113589.jpg
000000113720.jpg,val2017\000000113720.jpg
000000113867.jpg,val2017\000000113867.jpg
000000114049.jpg,val2017\000000114049.jpg
000000114770.jpg,val2017\000000114770.jpg
000000114871.jpg,val2017\000000114871.jpg
000000114884.jpg,val2017\000000114884.jpg
000000114907.jpg,val2017\000000114907.jpg
000000115118.jpg,val2017\000000115118.jpg
000000115245.jpg,val2017\000000115245.jpg
000000115870.jpg,val2017\000000115870.jpg
000000115885.jpg,val2017\000000115885.jpg
000000115898.jpg,val2017\000000115898.jpg
000000115946.jpg,val2017\000000115946.jpg
000000116068.jpg,val2017\000000116068.jpg
000000116206.jpg,val2017\000000116206.jpg
000000116208.jpg,val2017\000000116208.jpg
000000116362.jpg,val2017\000000116362.jpg
000000116439.jpg,val2017\000000116439.jpg
000000116479.jpg,val2017\000000116479.jpg
000000116589.jpg,val2017\000000116589.jpg
000000116825.jpg,val2017\000000116825.jpg
000000117197.jpg,val2017\000000117197.jpg
000000117374.jpg,val2017\000000117374.jpg
000000117425.jpg,val2017\000000117425.jpg
000000117492.jpg,val2017\000000117492.jpg
000000117525.jpg,val2017\000000117525.jpg
000000117645.jpg,val2017\000000117645.jpg
000000117719.jpg,val2017\000000117719.jpg
000000117744.jpg,val2017\000000117744.jpg
000000117908.jpg,val2017\000000117908.jpg
000000117914.jpg,val2017\000000117914.jpg
000000118209.jpg,val2017\000000118209.jpg
000000118367.jpg,val2017\000000118367.jpg
000000118405.jpg,val2017\000000118405.jpg
000000118515.jpg,val2017\000000118515.jpg
000000118594.jpg,val2017\000000118594.jpg
000000118921.jpg,val2017\000000118921.jpg
000000119038.jpg,val2017\000000119038.jpg
000000119088.jpg,val2017\000000119088.jpg
000000119233.jpg,val2017\000000119233.jpg
000000119365.jpg,val2017\000000119365.jpg
000000119445.jpg,val2017\000000119445.jpg
000000119452.jpg,val2017\000000119452.jpg
000000119516.jpg,val2017\000000119516.jpg
000000119641.jpg,val2017\000000119641.jpg
000000119677.jpg,val2017\000000119677.jpg
000000119828.jpg,val2017\000000119828.jpg
000000119911.jpg,val2017\000000119911.jpg
000000119995.jpg,val2017\000000119995.jpg
000000120420.jpg,val2017\000000120420.jpg
000000120572.jpg,val2017\000000120572.jpg
000000120584.jpg,val2017\000000120584.jpg
000000120777.jpg,val2017\000000120777.jpg
000000120853.jpg,val2017\000000120853.jpg
000000121031.jpg,val2017\000000121031.jpg
000000121153.jpg,val2017\000000121153.jpg
000000121242.jpg,val2017\000000121242.jpg
000000121417.jpg,val2017\000000121417.jpg
000000121497.jpg,val2017\000000121497.jpg
000000121506.jpg,val2017\000000121506.jpg
000000121586.jpg,val2017\000000121586.jpg
000000121591.jpg,val2017\000000121591.jpg
000000121673.jpg,val2017\000000121673.jpg
000000121744.jpg,val2017\000000121744.jpg
000000122046.jpg,val2017\000000122046.jpg
000000122166.jpg,val2017\000000122166.jpg
000000122217.jpg,val2017\000000122217.jpg
000000122606.jpg,val2017\000000122606.jpg
000000122672.jpg,val2017\000000122672.jpg
000000122745.jpg,val2017\000000122745.jpg
000000122927.jpg,val2017\000000122927.jpg
000000122962.jpg,val2017\000000122962.jpg
000000122969.jpg,val2017\000000122969.jpg
000000123131.jpg,val2017\000000123131.jpg
000000123213.jpg,val2017\000000123213.jpg
000000123321.jpg,val2017\000000123321.jpg
000000123480.jpg,val2017\000000123480.jpg
000000123585.jpg,val2017\000000123585.jpg
000000123633.jpg,val2017\000000123633.jpg
000000124277.jpg,val2017\000000124277.jpg
000000124442.jpg,val2017\000000124442.jpg
000000124636.jpg,val2017\000000124636.jpg
000000124659.jpg,val2017\000000124659.jpg
000000124798.jpg,val2017\000000124798.jpg
000000124975.jpg,val2017\000000124975.jpg
000000125062.jpg,val2017\000000125062.jpg
000000125072.jpg,val2017\000000125072.jpg
000000125129.jpg,val2017\000000125129.jpg
000000125211.jpg,val2017\000000125211.jpg
000000125245.jpg,val2017\000000125245.jpg
000000125257.jpg,val2017\000000125257.jpg
000000125405.jpg,val2017\000000125405.jpg
000000125472.jpg,val2017\000000125472.jpg
000000125572.jpg,val2017\000000125572.jpg
000000125778.jpg,val2017\000000125778.jpg
000000125806.jpg,val2017\000000125806.jpg
000000125850.jpg,val2017\000000125850.jpg
000000125936.jpg,val2017\000000125936.jpg
000000125952.jpg,val2017\000000125952.jpg
000000126107.jpg,val2017\000000126107.jpg
000000126110.jpg,val2017\000000126110.jpg
000000126137.jpg,val2017\000000126137.jpg
000000126216.jpg,val2017\000000126216.jpg
000000126226.jpg,val2017\000000126226.jpg
000000126592.jpg,val2017\000000126592.jpg
000000127092.jpg,val2017\000000127092.jpg
000000127135.jpg,val2017\000000127135.jpg
000000127182.jpg,val2017\000000127182.jpg
000000127263.jpg,val2017\000000127263.jpg
000000127270.jpg,val2017\000000127270.jpg
000000127394.jpg,val2017\000000127394.jpg
000000127476.jpg,val2017\000000127476.jpg
000000127494.jpg,val2017\000000127494.jpg
000000127517.jpg,val2017\000000127517.jpg
000000127530.jpg,val2017\000000127530.jpg
000000127624.jpg,val2017\000000127624.jpg
000000127660.jpg,val2017\000000127660.jpg
000000127955.jpg,val2017\000000127955.jpg
000000127987.jpg,val2017\000000127987.jpg
000000128051.jpg,val2017\000000128051.jpg
000000128112.jpg,val2017\000000128112.jpg
000000128148.jpg,val2017\000000128148.jpg
000000128372.jpg,val2017\000000128372.jpg
000000128476.jpg,val2017\000000128476.jpg
000000128598.jpg,val2017\000000128598.jpg
000000128654.jpg,val2017\000000128654.jpg
000000128658.jpg,val2017\000000128658.jpg
000000128675.jpg,val2017\000000128675.jpg
000000128699.jpg,val2017\000000128699.jpg
000000128748.jpg,val2017\000000128748.jpg
000000129054.jpg,val2017\000000129054.jpg
000000129062.jpg,val2017\000000129062.jpg
000000129113.jpg,val2017\000000129113.jpg
000000129135.jpg,val2017\000000129135.jpg
000000129322.jpg,val2017\000000129322.jpg
000000129416.jpg,val2017\000000129416.jpg
000000129492.jpg,val2017\000000129492.jpg
000000129756.jpg,val2017\000000129756.jpg
000000129812.jpg,val2017\000000129812.jpg
000000129945.jpg,val2017\000000129945.jpg
000000130386.jpg,val2017\000000130386.jpg
000000130465.jpg,val2017\000000130465.jpg
000000130566.jpg,val2017\000000130566.jpg
000000130579.jpg,val2017\000000130579.jpg
000000130586.jpg,val2017\000000130586.jpg
000000130599.jpg,val2017\000000130599.jpg
000000130613.jpg,val2017\000000130613.jpg
000000130699.jpg,val2017\000000130699.jpg
000000130826.jpg,val2017\000000130826.jpg
000000131131.jpg,val2017\000000131131.jpg
000000131138.jpg,val2017\000000131138.jpg
000000131273.jpg,val2017\000000131273.jpg
000000131379.jpg,val2017\000000131379.jpg
000000131386.jpg,val2017\000000131386.jpg
000000131431.jpg,val2017\000000131431.jpg
000000131444.jpg,val2017\000000131444.jpg
000000131556.jpg,val2017\000000131556.jpg
000000131938.jpg,val2017\000000131938.jpg
000000132116.jpg,val2017\000000132116.jpg
000000132329.jpg,val2017\000000132329.jpg
000000132375.jpg,val2017\000000132375.jpg
000000132408.jpg,val2017\000000132408.jpg
000000132544.jpg,val2017\000000132544.jpg
000000132587.jpg,val2017\000000132587.jpg
000000132622.jpg,val2017\000000132622.jpg
000000132703.jpg,val2017\000000132703.jpg
000000132796.jpg,val2017\000000132796.jpg
000000132931.jpg,val2017\000000132931.jpg
000000133000.jpg,val2017\000000133000.jpg
000000133087.jpg,val2017\000000133087.jpg
000000133233.jpg,val2017\000000133233.jpg
000000133244.jpg,val2017\000000133244.jpg
000000133343.jpg,val2017\000000133343.jpg
000000133418.jpg,val2017\000000133418.jpg
000000133567.jpg,val2017\000000133567.jpg
000000133631.jpg,val2017\000000133631.jpg
000000133645.jpg,val2017\000000133645.jpg
000000133778.jpg,val2017\000000133778.jpg
000000133819.jpg,val2017\000000133819.jpg
000000133969.jpg,val2017\000000133969.jpg
000000134034.jpg,val2017\000000134034.jpg
000000134096.jpg,val2017\000000134096.jpg
000000134112.jpg,val2017\000000134112.jpg
000000134322.jpg,val2017\000000134322.jpg
000000134689.jpg,val2017\000000134689.jpg
000000134722.jpg,val2017\000000134722.jpg
000000134856.jpg,val2017\000000134856.jpg
000000134882.jpg,val2017\000000134882.jpg
000000134886.jpg,val2017\000000134886.jpg
000000135410.jpg,val2017\000000135410.jpg
000000135561.jpg,val2017\000000135561.jpg
000000135604.jpg,val2017\000000135604.jpg
000000135670.jpg,val2017\000000135670.jpg
000000135673.jpg,val2017\000000135673.jpg
000000135872.jpg,val2017\000000135872.jpg
000000135890.jpg,val2017\000000135890.jpg
000000135902.jpg,val2017\000000135902.jpg
000000136033.jpg,val2017\000000136033.jpg
000000136334.jpg,val2017\000000136334.jpg
000000136355.jpg,val2017\000000136355.jpg
000000136466.jpg,val2017\000000136466.jpg
000000136600.jpg,val2017\000000136600.jpg
000000136633.jpg,val2017\000000136633.jpg
000000136715.jpg,val2017\000000136715.jpg
000000136772.jpg,val2017\000000136772.jpg
000000136915.jpg,val2017\000000136915.jpg
000000137106.jpg,val2017\000000137106.jpg
000000137246.jpg,val2017\000000137246.jpg
000000137294.jpg,val2017\000000137294.jpg
000000137576.jpg,val2017\000000137576.jpg
000000137727.jpg,val2017\000000137727.jpg
000000137950.jpg,val2017\000000137950.jpg
000000138115.jpg,val2017\000000138115.jpg
000000138241.jpg,val2017\000000138241.jpg
000000138492.jpg,val2017\000000138492.jpg
000000138550.jpg,val2017\000000138550.jpg
000000138639.jpg,val2017\000000138639.jpg
000000138819.jpg,val2017\000000138819.jpg
000000138856.jpg,val2017\000000138856.jpg
000000138954.jpg,val2017\000000138954.jpg
000000138979.jpg,val2017\000000138979.jpg
000000139077.jpg,val2017\000000139077.jpg
000000139099.jpg,val2017\000000139099.jpg
000000139260.jpg,val2017\000000139260.jpg
000000139684.jpg,val2017\000000139684.jpg
000000139871.jpg,val2017\000000139871.jpg
000000139872.jpg,val2017\000000139872.jpg
000000139883.jpg,val2017\000000139883.jpg
000000140076.jpg,val2017\000000140076.jpg
000000140203.jpg,val2017\000000140203.jpg
000000140270.jpg,val2017\000000140270.jpg
000000140286.jpg,val2017\000000140286.jpg
000000140420.jpg,val2017\000000140420.jpg
000000140439.jpg,val2017\000000140439.jpg
000000140556.jpg,val2017\000000140556.jpg
000000140583.jpg,val2017\000000140583.jpg
000000140640.jpg,val2017\000000140640.jpg
000000140658.jpg,val2017\000000140658.jpg
000000140840.jpg,val2017\000000140840.jpg
000000140929.jpg,val2017\000000140929.jpg
000000140987.jpg,val2017\000000140987.jpg
000000141328.jpg,val2017\000000141328.jpg
000000141597.jpg,val2017\000000141597.jpg
000000141671.jpg,val2017\000000141671.jpg
000000141821.jpg,val2017\000000141821.jpg
000000142092.jpg,val2017\000000142092.jpg
000000142238.jpg,val2017\000000142238.jpg
000000142324.jpg,val2017\000000142324.jpg
000000142472.jpg,val2017\000000142472.jpg
000000142585.jpg,val2017\000000142585.jpg
000000142620.jpg,val2017\000000142620.jpg
000000142790.jpg,val2017\000000142790.jpg
000000142971.jpg,val2017\000000142971.jpg
000000143068.jpg,val2017\000000143068.jpg
000000143556.jpg,val2017\000000143556.jpg
000000143572.jpg,val2017\000000143572.jpg
000000143931.jpg,val2017\000000143931.jpg
000000143961.jpg,val2017\000000143961.jpg
000000143998.jpg,val2017\000000143998.jpg
000000144003.jpg,val2017\000000144003.jpg
000000144114.jpg,val2017\000000144114.jpg
000000144300.jpg,val2017\000000144300.jpg
000000144333.jpg,val2017\000000144333.jpg
000000144706.jpg,val2017\000000144706.jpg
000000144784.jpg,val2017\000000144784.jpg
000000144798.jpg,val2017\000000144798.jpg
000000144932.jpg,val2017\000000144932.jpg
000000144984.jpg,val2017\000000144984.jpg
000000145020.jpg,val2017\000000145020.jpg
000000145591.jpg,val2017\000000145591.jpg
000000145597.jpg,val2017\000000145597.jpg
000000145620.jpg,val2017\000000145620.jpg
000000145665.jpg,val2017\000000145665.jpg
000000145781.jpg,val2017\000000145781.jpg
000000146155.jpg,val2017\000000146155.jpg
000000146358.jpg,val2017\000000146358.jpg
000000146363.jpg,val2017\000000146363.jpg
000000146457.jpg,val2017\000000146457.jpg
000000146489.jpg,val2017\000000146489.jpg
000000146498.jpg,val2017\000000146498.jpg
000000146667.jpg,val2017\000000146667.jpg
000000146825.jpg,val2017\000000146825.jpg
000000146831.jpg,val2017\000000146831.jpg
000000147205.jpg,val2017\000000147205.jpg
000000147223.jpg,val2017\000000147223.jpg
000000147338.jpg,val2017\000000147338.jpg
000000147415.jpg,val2017\000000147415.jpg
000000147498.jpg,val2017\000000147498.jpg
000000147518.jpg,val2017\000000147518.jpg
000000147725.jpg,val2017\000000147725.jpg
000000147729.jpg,val2017\000000147729.jpg
000000147740.jpg,val2017\000000147740.jpg
000000147745.jpg,val2017\000000147745.jpg
000000148508.jpg,val2017\000000148508.jpg
000000148620.jpg,val2017\000000148620.jpg
000000148662.jpg,val2017\000000148662.jpg
000000148707.jpg,val2017\000000148707.jpg
000000148719.jpg,val2017\000000148719.jpg
000000148730.jpg,val2017\000000148730.jpg
000000148739.jpg,val2017\000000148739.jpg
000000148783.jpg,val2017\000000148783.jpg
000000148957.jpg,val2017\000000148957.jpg
000000148999.jpg,val2017\000000148999.jpg
000000149222.jpg,val2017\000000149222.jpg
000000149375.jpg,val2017\000000149375.jpg
000000149406.jpg,val2017\000000149406.jpg
000000149568.jpg,val2017\000000149568.jpg
000000149622.jpg,val2017\000000149622.jpg
000000149770.jpg,val2017\000000149770.jpg
000000150224.jpg,val2017\000000150224.jpg
000000150265.jpg,val2017\000000150265.jpg
000000150417.jpg,val2017\000000150417.jpg
000000150638.jpg,val2017\000000150638.jpg
000000150649.jpg,val2017\000000150649.jpg
000000150726.jpg,val2017\000000150726.jpg
000000150930.jpg,val2017\000000150930.jpg
000000151000.jpg,val2017\000000151000.jpg
000000151051.jpg,val2017\000000151051.jpg
000000151480.jpg,val2017\000000151480.jpg
000000151516.jpg,val2017\000000151516.jpg
000000151629.jpg,val2017\000000151629.jpg
000000151657.jpg,val2017\000000151657.jpg
000000151662.jpg,val2017\000000151662.jpg
000000151820.jpg,val2017\000000151820.jpg
000000151857.jpg,val2017\000000151857.jpg
000000151938.jpg,val2017\000000151938.jpg
000000151962.jpg,val2017\000000151962.jpg
000000152120.jpg,val2017\000000152120.jpg
000000152214.jpg,val2017\000000152214.jpg
000000152465.jpg,val2017\000000152465.jpg
000000152686.jpg,val2017\000000152686.jpg
000000152740.jpg,val2017\000000152740.jpg
000000152771.jpg,val2017\000000152771.jpg
000000152870.jpg,val2017\000000152870.jpg
000000153011.jpg,val2017\000000153011.jpg
000000153217.jpg,val2017\000000153217.jpg
000000153229.jpg,val2017\000000153229.jpg
000000153299.jpg,val2017\000000153299.jpg
000000153343.jpg,val2017\000000153343.jpg
000000153510.jpg,val2017\000000153510.jpg
000000153527.jpg,val2017\000000153527.jpg
000000153529.jpg,val2017\000000153529.jpg
000000153568.jpg,val2017\000000153568.jpg
000000153632.jpg,val2017\000000153632.jpg
000000153669.jpg,val2017\000000153669.jpg
000000153782.jpg,val2017\000000153782.jpg
000000153797.jpg,val2017\000000153797.jpg
000000154000.jpg,val2017\000000154000.jpg
000000154004.jpg,val2017\000000154004.jpg
000000154087.jpg,val2017\000000154087.jpg
000000154213.jpg,val2017\000000154213.jpg
000000154339.jpg,val2017\000000154339.jpg
000000154358.jpg,val2017\000000154358.jpg
000000154425.jpg,val2017\000000154425.jpg
000000154431.jpg,val2017\000000154431.jpg
000000154644.jpg,val2017\000000154644.jpg
000000154705.jpg,val2017\000000154705.jpg
000000154718.jpg,val2017\000000154718.jpg
000000154947.jpg,val2017\000000154947.jpg
000000155051.jpg,val2017\000000155051.jpg
000000155145.jpg,val2017\000000155145.jpg
000000155154.jpg,val2017\000000155154.jpg
000000155179.jpg,val2017\000000155179.jpg
000000155291.jpg,val2017\000000155291.jpg
000000155341.jpg,val2017\000000155341.jpg
000000155443.jpg,val2017\000000155443.jpg
000000155451.jpg,val2017\000000155451.jpg
000000155571.jpg,val2017\000000155571.jpg
000000156071.jpg,val2017\000000156071.jpg
000000156076.jpg,val2017\000000156076.jpg
000000156278.jpg,val2017\000000156278.jpg
000000156292.jpg,val2017\000000156292.jpg
000000156372.jpg,val2017\000000156372.jpg
000000156643.jpg,val2017\000000156643.jpg
000000156924.jpg,val2017\000000156924.jpg
000000157046.jpg,val2017\000000157046.jpg
000000157098.jpg,val2017\000000157098.jpg
000000157124.jpg,val2017\000000157124.jpg
000000157138.jpg,val2017\000000157138.jpg
000000157213.jpg,val2017\000000157213.jpg
000000157365.jpg,val2017\000000157365.jpg
000000157390.jpg,val2017\000000157390.jpg
000000157418.jpg,val2017\000000157418.jpg
000000157601.jpg,val2017\000000157601.jpg
000000157756.jpg,val2017\000000157756.jpg
000000157767.jpg,val2017\000000157767.jpg
000000157807.jpg,val2017\000000157807.jpg
000000157847.jpg,val2017\000000157847.jpg
000000157928.jpg,val2017\000000157928.jpg
000000158227.jpg,val2017\000000158227.jpg
000000158548.jpg,val2017\000000158548.jpg
000000158660.jpg,val2017\000000158660.jpg
000000158744.jpg,val2017\000000158744.jpg
000000158945.jpg,val2017\000000158945.jpg
000000158956.jpg,val2017\000000158956.jpg
000000159112.jpg,val2017\000000159112.jpg
000000159282.jpg,val2017\000000159282.jpg
000000159311.jpg,val2017\000000159311.jpg
000000159399.jpg,val2017\000000159399.jpg
000000159458.jpg,val2017\000000159458.jpg
000000159684.jpg,val2017\000000159684.jpg
000000159791.jpg,val2017\000000159791.jpg
000000159977.jpg,val2017\000000159977.jpg
000000160012.jpg,val2017\000000160012.jpg
000000160556.jpg,val2017\000000160556.jpg
000000160666.jpg,val2017\000000160666.jpg
000000160728.jpg,val2017\000000160728.jpg
000000160772.jpg,val2017\000000160772.jpg
000000160864.jpg,val2017\000000160864.jpg
000000161008.jpg,val2017\000000161008.jpg
000000161032.jpg,val2017\000000161032.jpg
000000161044.jpg,val2017\000000161044.jpg
000000161128.jpg,val2017\000000161128.jpg
000000161397.jpg,val2017\000000161397.jpg
000000161609.jpg,val2017\000000161609.jpg
000000161642.jpg,val2017\000000161642.jpg
000000161781.jpg,val2017\000000161781.jpg
000000161799.jpg,val2017\000000161799.jpg
000000161820.jpg,val2017\000000161820.jpg
000000161861.jpg,val2017\000000161861.jpg
000000161875.jpg,val2017\000000161875.jpg
000000161879.jpg,val2017\000000161879.jpg
000000161925.jpg,val2017\000000161925.jpg
000000161978.jpg,val2017\000000161978.jpg
000000162035.jpg,val2017\000000162035.jpg
000000162092.jpg,val2017\000000162092.jpg
000000162130.jpg,val2017\000000162130.jpg
000000162366.jpg,val2017\000000162366.jpg
000000162415.jpg,val2017\000000162415.jpg
000000162543.jpg,val2017\000000162543.jpg
000000162581.jpg,val2017\000000162581.jpg
000000162732.jpg,val2017\000000162732.jpg
000000162858.jpg,val2017\000000162858.jpg
000000163057.jpg,val2017\000000163057.jpg
000000163117.jpg,val2017\000000163117.jpg
000000163118.jpg,val2017\000000163118.jpg
000000163155.jpg,val2017\000000163155.jpg
000000163257.jpg,val2017\000000163257.jpg
000000163258.jpg,val2017\000000163258.jpg
000000163290.jpg,val2017\000000163290.jpg
000000163314.jpg,val2017\000000163314.jpg
000000163562.jpg,val2017\000000163562.jpg
000000163611.jpg,val2017\000000163611.jpg
000000163640.jpg,val2017\000000163640.jpg
000000163682.jpg,val2017\000000163682.jpg
000000163746.jpg,val2017\000000163746.jpg
000000163951.jpg,val2017\000000163951.jpg
000000164115.jpg,val2017\000000164115.jpg
000000164363.jpg,val2017\000000164363.jpg
000000164602.jpg,val2017\000000164602.jpg
000000164637.jpg,val2017\000000164637.jpg
000000164883.jpg,val2017\000000164883.jpg
000000164885.jpg,val2017\000000164885.jpg
000000164969.jpg,val2017\000000164969.jpg
000000165039.jpg,val2017\000000165039.jpg
000000165257.jpg,val2017\000000165257.jpg
000000165336.jpg,val2017\000000165336.jpg
000000165351.jpg,val2017\000000165351.jpg
000000165500.jpg,val2017\000000165500.jpg
000000165518.jpg,val2017\000000165518.jpg
000000165681.jpg,val2017\000000165681.jpg
000000165713.jpg,val2017\000000165713.jpg
000000165831.jpg,val2017\000000165831.jpg
000000166165.jpg,val2017\000000166165.jpg
000000166166.jpg,val2017\000000166166.jpg
000000166259.jpg,val2017\000000166259.jpg
000000166277.jpg,val2017\000000166277.jpg
000000166287.jpg,val2017\000000166287.jpg
000000166391.jpg,val2017\000000166391.jpg
000000166426.jpg,val2017\000000166426.jpg
000000166478.jpg,val2017\000000166478.jpg
000000166509.jpg,val2017\000000166509.jpg
000000166521.jpg,val2017\000000166521.jpg
000000166563.jpg,val2017\000000166563.jpg
000000166642.jpg,val2017\000000166642.jpg
000000166664.jpg,val2017\000000166664.jpg
000000166747.jpg,val2017\000000166747.jpg
000000166768.jpg,val2017\000000166768.jpg
000000166918.jpg,val2017\000000166918.jpg
000000167067.jpg,val2017\000000167067.jpg
000000167122.jpg,val2017\000000167122.jpg
000000167128.jpg,val2017\000000167128.jpg
000000167159.jpg,val2017\000000167159.jpg
000000167240.jpg,val2017\000000167240.jpg
000000167353.jpg,val2017\000000167353.jpg
000000167486.jpg,val2017\000000167486.jpg
000000167540.jpg,val2017\000000167540.jpg
000000167572.jpg,val2017\000000167572.jpg
000000167898.jpg,val2017\000000167898.jpg
000000167902.jpg,val2017\000000167902.jpg
000000168330.jpg,val2017\000000168330.jpg
000000168337.jpg,val2017\000000168337.jpg
000000168458.jpg,val2017\000000168458.jpg
000000168593.jpg,val2017\000000168593.jpg
000000168619.jpg,val2017\000000168619.jpg
000000168883.jpg,val2017\000000168883.jpg
000000168974.jpg,val2017\000000168974.jpg
000000169076.jpg,val2017\000000169076.jpg
000000169169.jpg,val2017\000000169169.jpg
000000169356.jpg,val2017\000000169356.jpg
000000169996.jpg,val2017\000000169996.jpg
000000170099.jpg,val2017\000000170099.jpg
000000170116.jpg,val2017\000000170116.jpg
000000170191.jpg,val2017\000000170191.jpg
000000170278.jpg,val2017\000000170278.jpg
000000170474.jpg,val2017\000000170474.jpg
000000170545.jpg,val2017\000000170545.jpg
000000170595.jpg,val2017\000000170595.jpg
000000170613.jpg,val2017\000000170613.jpg
000000170670.jpg,val2017\000000170670.jpg
000000170739.jpg,val2017\000000170739.jpg
000000170893.jpg,val2017\000000170893.jpg
000000170955.jpg,val2017\000000170955.jpg
000000171050.jpg,val2017\000000171050.jpg
000000171190.jpg,val2017\000000171190.jpg
000000171298.jpg,val2017\000000171298.jpg
000000171382.jpg,val2017\000000171382.jpg
000000171611.jpg,val2017\000000171611.jpg
000000171740.jpg,val2017\000000171740.jpg
000000171757.jpg,val2017\000000171757.jpg
000000171788.jpg,val2017\000000171788.jpg
000000172083.jpg,val2017\000000172083.jpg
000000172330.jpg,val2017\000000172330.jpg
000000172396.jpg,val2017\000000172396.jpg
000000172547.jpg,val2017\000000172547.jpg
000000172571.jpg,val2017\000000172571.jpg
000000172595.jpg,val2017\000000172595.jpg
000000172617.jpg,val2017\000000172617.jpg
000000172648.jpg,val2017\000000172648.jpg
000000172649.jpg,val2017\000000172649.jpg
000000172856.jpg,val2017\000000172856.jpg
000000172877.jpg,val2017\000000172877.jpg
000000172935.jpg,val2017\000000172935.jpg
000000172946.jpg,val2017\000000172946.jpg
000000172977.jpg,val2017\000000172977.jpg
000000173004.jpg,val2017\000000173004.jpg
000000173008.jpg,val2017\000000173008.jpg
000000173033.jpg,val2017\000000173033.jpg
000000173044.jpg,val2017\000000173044.jpg
000000173057.jpg,val2017\000000173057.jpg
000000173091.jpg,val2017\000000173091.jpg
000000173183.jpg,val2017\000000173183.jpg
000000173302.jpg,val2017\000000173302.jpg
000000173371.jpg,val2017\000000173371.jpg
000000173383.jpg,val2017\000000173383.jpg
000000173799.jpg,val2017\000000173799.jpg
000000173830.jpg,val2017\000000173830.jpg
000000174004.jpg,val2017\000000174004.jpg
000000174018.jpg,val2017\000000174018.jpg
000000174123.jpg,val2017\000000174123.jpg
000000174231.jpg,val2017\000000174231.jpg
000000174371.jpg,val2017\000000174371.jpg
000000174482.jpg,val2017\000000174482.jpg
000000175251.jpg,val2017\000000175251.jpg
000000175364.jpg,val2017\000000175364.jpg
000000175387.jpg,val2017\000000175387.jpg
000000175438.jpg,val2017\000000175438.jpg
000000175443.jpg,val2017\000000175443.jpg
000000175535.jpg,val2017\000000175535.jpg
000000176037.jpg,val2017\000000176037.jpg
000000176232.jpg,val2017\000000176232.jpg
000000176446.jpg,val2017\000000176446.jpg
000000176606.jpg,val2017\000000176606.jpg
000000176634.jpg,val2017\000000176634.jpg
000000176701.jpg,val2017\000000176701.jpg
000000176778.jpg,val2017\000000176778.jpg
000000176799.jpg,val2017\000000176799.jpg
000000176847.jpg,val2017\000000176847.jpg
000000176857.jpg,val2017\000000176857.jpg
000000176901.jpg,val2017\000000176901.jpg
000000177015.jpg,val2017\000000177015.jpg
000000177065.jpg,val2017\000000177065.jpg
000000177213.jpg,val2017\000000177213.jpg
000000177357.jpg,val2017\000000177357.jpg
000000177383.jpg,val2017\000000177383.jpg
000000177489.jpg,val2017\000000177489.jpg
000000177539.jpg,val2017\000000177539.jpg
000000177714.jpg,val2017\000000177714.jpg
000000177861.jpg,val2017\000000177861.jpg
000000177893.jpg,val2017\000000177893.jpg
000000177934.jpg,val2017\000000177934.jpg
000000177935.jpg,val2017\000000177935.jpg
000000178028.jpg,val2017\000000178028.jpg
000000178469.jpg,val2017\000000178469.jpg
000000178618.jpg,val2017\000000178618.jpg
000000178744.jpg,val2017\000000178744.jpg
000000178982.jpg,val2017\000000178982.jpg
000000179112.jpg,val2017\000000179112.jpg
000000179141.jpg,val2017\000000179141.jpg
000000179174.jpg,val2017\000000179174.jpg
000000179214.jpg,val2017\000000179214.jpg
000000179265.jpg,val2017\000000179265.jpg
000000179285.jpg,val2017\000000179285.jpg
000000179392.jpg,val2017\000000179392.jpg
000000179487.jpg,val2017\000000179487.jpg
000000179642.jpg,val2017\000000179642.jpg
000000179653.jpg,val2017\000000179653.jpg
000000179765.jpg,val2017\000000179765.jpg
000000179898.jpg,val2017\000000179898.jpg
000000180011.jpg,val2017\000000180011.jpg
000000180101.jpg,val2017\000000180101.jpg
000000180135.jpg,val2017\000000180135.jpg
000000180188.jpg,val2017\000000180188.jpg
000000180296.jpg,val2017\000000180296.jpg
000000180383.jpg,val2017\000000180383.jpg
000000180487.jpg,val2017\000000180487.jpg
000000180560.jpg,val2017\000000180560.jpg
000000180751.jpg,val2017\000000180751.jpg
000000180792.jpg,val2017\000000180792.jpg
000000180798.jpg,val2017\000000180798.jpg
000000180878.jpg,val2017\000000180878.jpg
000000181303.jpg,val2017\000000181303.jpg
000000181421.jpg,val2017\000000181421.jpg
000000181499.jpg,val2017\000000181499.jpg
000000181542.jpg,val2017\000000181542.jpg
000000181666.jpg,val2017\000000181666.jpg
000000181753.jpg,val2017\000000181753.jpg
000000181796.jpg,val2017\000000181796.jpg
000000181816.jpg,val2017\000000181816.jpg
000000181859.jpg,val2017\000000181859.jpg
000000181969.jpg,val2017\000000181969.jpg
000000182021.jpg,val2017\000000182021.jpg
000000182155.jpg,val2017\000000182155.jpg
000000182162.jpg,val2017\000000182162.jpg
000000182202.jpg,val2017\000000182202.jpg
000000182417.jpg,val2017\000000182417.jpg
000000182441.jpg,val2017\000000182441.jpg
000000182611.jpg,val2017\000000182611.jpg
000000182805.jpg,val2017\000000182805.jpg
000000182923.jpg,val2017\000000182923.jpg
000000183049.jpg,val2017\000000183049.jpg
000000183104.jpg,val2017\000000183104.jpg
000000183127.jpg,val2017\000000183127.jpg
000000183246.jpg,val2017\000000183246.jpg
000000183391.jpg,val2017\000000183391.jpg
000000183437.jpg,val2017\000000183437.jpg
000000183500.jpg,val2017\000000183500.jpg
000000183648.jpg,val2017\000000183648.jpg
000000183675.jpg,val2017\000000183675.jpg
000000183709.jpg,val2017\000000183709.jpg
000000183716.jpg,val2017\000000183716.jpg
000000183965.jpg,val2017\000000183965.jpg
000000184321.jpg,val2017\000000184321.jpg
000000184324.jpg,val2017\000000184324.jpg
000000184338.jpg,val2017\000000184338.jpg
000000184384.jpg,val2017\000000184384.jpg
000000184400.jpg,val2017\000000184400.jpg
000000184611.jpg,val2017\000000184611.jpg
000000184762.jpg,val2017\000000184762.jpg
000000184791.jpg,val2017\000000184791.jpg
000000184978.jpg,val2017\000000184978.jpg
000000185157.jpg,val2017\000000185157.jpg
000000185250.jpg,val2017\000000185250.jpg
000000185292.jpg,val2017\000000185292.jpg
000000185409.jpg,val2017\000000185409.jpg
000000185472.jpg,val2017\000000185472.jpg
000000185473.jpg,val2017\000000185473.jpg
000000185599.jpg,val2017\000000185599.jpg
000000185802.jpg,val2017\000000185802.jpg
000000185890.jpg,val2017\000000185890.jpg
000000185950.jpg,val2017\000000185950.jpg
000000186042.jpg,val2017\000000186042.jpg
000000186282.jpg,val2017\000000186282.jpg
000000186296.jpg,val2017\000000186296.jpg
000000186345.jpg,val2017\000000186345.jpg
000000186422.jpg,val2017\000000186422.jpg
000000186449.jpg,val2017\000000186449.jpg
000000186624.jpg,val2017\000000186624.jpg
000000186632.jpg,val2017\000000186632.jpg
000000186637.jpg,val2017\000000186637.jpg
000000186873.jpg,val2017\000000186873.jpg
000000186929.jpg,val2017\000000186929.jpg
000000186938.jpg,val2017\000000186938.jpg
000000186980.jpg,val2017\000000186980.jpg
000000187055.jpg,val2017\000000187055.jpg
000000187144.jpg,val2017\000000187144.jpg
000000187236.jpg,val2017\000000187236.jpg
000000187243.jpg,val2017\000000187243.jpg
000000187249.jpg,val2017\000000187249.jpg
000000187271.jpg,val2017\000000187271.jpg
000000187362.jpg,val2017\000000187362.jpg
000000187513.jpg,val2017\000000187513.jpg
000000187585.jpg,val2017\000000187585.jpg
000000187734.jpg,val2017\000000187734.jpg
000000187745.jpg,val2017\000000187745.jpg
000000187990.jpg,val2017\000000187990.jpg
000000188296.jpg,val2017\000000188296.jpg
000000188439.jpg,val2017\000000188439.jpg
000000188465.jpg,val2017\000000188465.jpg
000000188592.jpg,val2017\000000188592.jpg
000000188689.jpg,val2017\000000188689.jpg
000000188906.jpg,val2017\000000188906.jpg
000000189078.jpg,val2017\000000189078.jpg
000000189213.jpg,val2017\000000189213.jpg
000000189226.jpg,val2017\000000189226.jpg
000000189310.jpg,val2017\000000189310.jpg
000000189436.jpg,val2017\000000189436.jpg
000000189451.jpg,val2017\000000189451.jpg
000000189475.jpg,val2017\000000189475.jpg
000000189698.jpg,val2017\000000189698.jpg
000000189752.jpg,val2017\000000189752.jpg
000000189775.jpg,val2017\000000189775.jpg
000000189806.jpg,val2017\000000189806.jpg
000000189820.jpg,val2017\000000189820.jpg
000000189828.jpg,val2017\000000189828.jpg
000000190007.jpg,val2017\000000190007.jpg
000000190140.jpg,val2017\000000190140.jpg
000000190236.jpg,val2017\000000190236.jpg
000000190307.jpg,val2017\000000190307.jpg
000000190637.jpg,val2017\000000190637.jpg
000000190648.jpg,val2017\000000190648.jpg
000000190676.jpg,val2017\000000190676.jpg
000000190753.jpg,val2017\000000190753.jpg
000000190756.jpg,val2017\000000190756.jpg
000000190841.jpg,val2017\000000190841.jpg
000000190853.jpg,val2017\000000190853.jpg
000000190923.jpg,val2017\000000190923.jpg
000000191013.jpg,val2017\000000191013.jpg
000000191288.jpg,val2017\000000191288.jpg
000000191471.jpg,val2017\000000191471.jpg
000000191580.jpg,val2017\000000191580.jpg
000000191614.jpg,val2017\000000191614.jpg
000000191672.jpg,val2017\000000191672.jpg
000000191761.jpg,val2017\000000191761.jpg
000000191845.jpg,val2017\000000191845.jpg
000000192047.jpg,val2017\000000192047.jpg
000000192191.jpg,val2017\000000192191.jpg
000000192607.jpg,val2017\000000192607.jpg
000000192670.jpg,val2017\000000192670.jpg
000000192699.jpg,val2017\000000192699.jpg
000000192716.jpg,val2017\000000192716.jpg
000000192871.jpg,val2017\000000192871.jpg
000000192904.jpg,val2017\000000192904.jpg
000000192964.jpg,val2017\000000192964.jpg
000000193162.jpg,val2017\000000193162.jpg
000000193181.jpg,val2017\000000193181.jpg
000000193245.jpg,val2017\000000193245.jpg
000000193348.jpg,val2017\000000193348.jpg
000000193429.jpg,val2017\000000193429.jpg
000000193494.jpg,val2017\000000193494.jpg
000000193674.jpg,val2017\000000193674.jpg
000000193717.jpg,val2017\000000193717.jpg
000000193743.jpg,val2017\000000193743.jpg
000000193884.jpg,val2017\000000193884.jpg
000000193926.jpg,val2017\000000193926.jpg
000000194216.jpg,val2017\000000194216.jpg
000000194471.jpg,val2017\000000194471.jpg
000000194506.jpg,val2017\000000194506.jpg
000000194716.jpg,val2017\000000194716.jpg
000000194724.jpg,val2017\000000194724.jpg
000000194746.jpg,val2017\000000194746.jpg
000000194832.jpg,val2017\000000194832.jpg
000000194875.jpg,val2017\000000194875.jpg
000000194940.jpg,val2017\000000194940.jpg
000000195045.jpg,val2017\000000195045.jpg
000000195165.jpg,val2017\000000195165.jpg
000000195754.jpg,val2017\000000195754.jpg
000000195842.jpg,val2017\000000195842.jpg
000000195918.jpg,val2017\000000195918.jpg
000000196009.jpg,val2017\000000196009.jpg
000000196141.jpg,val2017\000000196141.jpg
000000196185.jpg,val2017\000000196185.jpg
000000196442.jpg,val2017\000000196442.jpg
000000196754.jpg,val2017\000000196754.jpg
000000196759.jpg,val2017\000000196759.jpg
000000196843.jpg,val2017\000000196843.jpg
000000197004.jpg,val2017\000000197004.jpg
000000197022.jpg,val2017\000000197022.jpg
000000197388.jpg,val2017\000000197388.jpg
000000197528.jpg,val2017\000000197528.jpg
000000197658.jpg,val2017\000000197658.jpg
000000197796.jpg,val2017\000000197796.jpg
000000197870.jpg,val2017\000000197870.jpg
000000198489.jpg,val2017\000000198489.jpg
000000198510.jpg,val2017\000000198510.jpg
000000198641.jpg,val2017\000000198641.jpg
000000198805.jpg,val2017\000000198805.jpg
000000198915.jpg,val2017\000000198915.jpg
000000198928.jpg,val2017\000000198928.jpg
000000198960.jpg,val2017\000000198960.jpg
000000199055.jpg,val2017\000000199055.jpg
000000199236.jpg,val2017\000000199236.jpg
000000199310.jpg,val2017\000000199310.jpg
000000199395.jpg,val2017\000000199395.jpg
000000199442.jpg,val2017\000000199442.jpg
000000199551.jpg,val2017\000000199551.jpg
000000199681.jpg,val2017\000000199681.jpg
000000199771.jpg,val2017\000000199771.jpg
000000199977.jpg,val2017\000000199977.jpg
000000200152.jpg,val2017\000000200152.jpg
000000200162.jpg,val2017\000000200162.jpg
000000200252.jpg,val2017\000000200252.jpg
000000200421.jpg,val2017\000000200421.jpg
000000200667.jpg,val2017\000000200667.jpg
000000200839.jpg,val2017\000000200839.jpg
000000200961.jpg,val2017\000000200961.jpg
000000201025.jpg,val2017\000000201025.jpg
000000201072.jpg,val2017\000000201072.jpg
000000201148.jpg,val2017\000000201148.jpg
000000201418.jpg,val2017\000000201418.jpg
000000201426.jpg,val2017\000000201426.jpg
000000201646.jpg,val2017\000000201646.jpg
000000201676.jpg,val2017\000000201676.jpg
000000201775.jpg,val2017\000000201775.jpg
000000201934.jpg,val2017\000000201934.jpg
000000202001.jpg,val2017\000000202001.jpg
000000202228.jpg,val2017\000000202228.jpg
000000202339.jpg,val2017\000000202339.jpg
000000202445.jpg,val2017\000000202445.jpg
000000203095.jpg,val2017\000000203095.jpg
000000203294.jpg,val2017\000000203294.jpg
000000203317.jpg,val2017\000000203317.jpg
000000203389.jpg,val2017\000000203389.jpg
000000203488.jpg,val2017\000000203488.jpg
000000203546.jpg,val2017\000000203546.jpg
000000203580.jpg,val2017\000000203580.jpg
000000203629.jpg,val2017\000000203629.jpg
000000203639.jpg,val2017\000000203639.jpg
000000203864.jpg,val2017\000000203864.jpg
000000203931.jpg,val2017\000000203931.jpg
000000204186.jpg,val2017\000000204186.jpg
000000204329.jpg,val2017\000000204329.jpg
000000204871.jpg,val2017\000000204871.jpg
000000205105.jpg,val2017\000000205105.jpg
000000205282.jpg,val2017\000000205282.jpg
000000205289.jpg,val2017\000000205289.jpg
000000205324.jpg,val2017\000000205324.jpg
000000205333.jpg,val2017\000000205333.jpg
000000205401.jpg,val2017\000000205401.jpg
000000205514.jpg,val2017\000000205514.jpg
000000205542.jpg,val2017\000000205542.jpg
000000205647.jpg,val2017\000000205647.jpg
000000205776.jpg,val2017\000000205776.jpg
000000205834.jpg,val2017\000000205834.jpg
000000206025.jpg,val2017\000000206025.jpg
000000206027.jpg,val2017\000000206027.jpg
000000206135.jpg,val2017\000000206135.jpg
000000206218.jpg,val2017\000000206218.jpg
000000206271.jpg,val2017\000000206271.jpg
000000206411.jpg,val2017\000000206411.jpg
000000206487.jpg,val2017\000000206487.jpg
000000206579.jpg,val2017\000000206579.jpg
000000206831.jpg,val2017\000000206831.jpg
000000206838.jpg,val2017\000000206838.jpg
000000206994.jpg,val2017\000000206994.jpg
000000207306.jpg,val2017\000000207306.jpg
000000207538.jpg,val2017\000000207538.jpg
000000207585.jpg,val2017\000000207585.jpg
000000207728.jpg,val2017\000000207728.jpg
000000207844.jpg,val2017\000000207844.jpg
000000208208.jpg,val2017\000000208208.jpg
000000208363.jpg,val2017\000000208363.jpg
000000208423.jpg,val2017\000000208423.jpg
000000208901.jpg,val2017\000000208901.jpg
000000209142.jpg,val2017\000000209142.jpg
000000209222.jpg,val2017\000000209222.jpg
000000209530.jpg,val2017\000000209530.jpg
000000209613.jpg,val2017\000000209613.jpg
000000209747.jpg,val2017\000000209747.jpg
000000209753.jpg,val2017\000000209753.jpg
000000209757.jpg,val2017\000000209757.jpg
000000209829.jpg,val2017\000000209829.jpg
000000209972.jpg,val2017\000000209972.jpg
000000210030.jpg,val2017\000000210030.jpg
000000210032.jpg,val2017\000000210032.jpg
000000210099.jpg,val2017\000000210099.jpg
000000210230.jpg,val2017\000000210230.jpg
000000210273.jpg,val2017\000000210273.jpg
000000210299.jpg,val2017\000000210299.jpg
000000210388.jpg,val2017\000000210388.jpg
000000210394.jpg,val2017\000000210394.jpg
000000210502.jpg,val2017\000000210502.jpg
000000210520.jpg,val2017\000000210520.jpg
000000210708.jpg,val2017\000000210708.jpg
000000210789.jpg,val2017\000000210789.jpg
000000210855.jpg,val2017\000000210855.jpg
000000210915.jpg,val2017\000000210915.jpg
000000211042.jpg,val2017\000000211042.jpg
000000211069.jpg,val2017\000000211069.jpg
000000211120.jpg,val2017\000000211120.jpg
000000211674.jpg,val2017\000000211674.jpg
000000211825.jpg,val2017\000000211825.jpg
000000212072.jpg,val2017\000000212072.jpg
000000212166.jpg,val2017\000000212166.jpg
000000212226.jpg,val2017\000000212226.jpg
000000212453.jpg,val2017\000000212453.jpg
000000212559.jpg,val2017\000000212559.jpg
000000212573.jpg,val2017\000000212573.jpg
000000212800.jpg,val2017\000000212800.jpg
000000212895.jpg,val2017\000000212895.jpg
000000213033.jpg,val2017\000000213033.jpg
000000213035.jpg,val2017\000000213035.jpg
000000213086.jpg,val2017\000000213086.jpg
000000213171.jpg,val2017\000000213171.jpg
000000213224.jpg,val2017\000000213224.jpg
000000213255.jpg,val2017\000000213255.jpg
000000213422.jpg,val2017\000000213422.jpg
000000213445.jpg,val2017\000000213445.jpg
000000213547.jpg,val2017\000000213547.jpg
000000213593.jpg,val2017\000000213593.jpg
000000213605.jpg,val2017\000000213605.jpg
000000213816.jpg,val2017\000000213816.jpg
000000213830.jpg,val2017\000000213830.jpg
000000213935.jpg,val2017\000000213935.jpg
000000214192.jpg,val2017\000000214192.jpg
000000214200.jpg,val2017\000000214200.jpg
000000214205.jpg,val2017\000000214205.jpg
000000214224.jpg,val2017\000000214224.jpg
000000214539.jpg,val2017\000000214539.jpg
000000214703.jpg,val2017\000000214703.jpg
000000214720.jpg,val2017\000000214720.jpg
000000214753.jpg,val2017\000000214753.jpg
000000214869.jpg,val2017\000000214869.jpg
000000215072.jpg,val2017\000000215072.jpg
000000215114.jpg,val2017\000000215114.jpg
000000215245.jpg,val2017\000000215245.jpg
000000215259.jpg,val2017\000000215259.jpg
000000215644.jpg,val2017\000000215644.jpg
000000215723.jpg,val2017\000000215723.jpg
000000215778.jpg,val2017\000000215778.jpg
000000216277.jpg,val2017\000000216277.jpg
000000216296.jpg,val2017\000000216296.jpg
000000216419.jpg,val2017\000000216419.jpg
000000216497.jpg,val2017\000000216497.jpg
000000216516.jpg,val2017\000000216516.jpg
000000216636.jpg,val2017\000000216636.jpg
000000216739.jpg,val2017\000000216739.jpg
000000217060.jpg,val2017\000000217060.jpg
000000217219.jpg,val2017\000000217219.jpg
000000217285.jpg,val2017\000000217285.jpg
000000217400.jpg,val2017\000000217400.jpg
000000217425.jpg,val2017\000000217425.jpg
000000217614.jpg,val2017\000000217614.jpg
000000217753.jpg,val2017\000000217753.jpg
000000217872.jpg,val2017\000000217872.jpg
000000217948.jpg,val2017\000000217948.jpg
000000217957.jpg,val2017\000000217957.jpg
000000218091.jpg,val2017\000000218091.jpg
000000218249.jpg,val2017\000000218249.jpg
000000218362.jpg,val2017\000000218362.jpg
000000218424.jpg,val2017\000000218424.jpg
000000218439.jpg,val2017\000000218439.jpg
000000218997.jpg,val2017\000000218997.jpg
000000219271.jpg,val2017\000000219271.jpg
000000219283.jpg,val2017\000000219283.jpg
000000219440.jpg,val2017\000000219440.jpg
000000219485.jpg,val2017\000000219485.jpg
000000219578.jpg,val2017\000000219578.jpg
000000220310.jpg,val2017\000000220310.jpg
000000220584.jpg,val2017\000000220584.jpg
000000220732.jpg,val2017\000000220732.jpg
000000220764.jpg,val2017\000000220764.jpg
000000220858.jpg,val2017\000000220858.jpg
000000221017.jpg,val2017\000000221017.jpg
000000221155.jpg,val2017\000000221155.jpg
000000221213.jpg,val2017\000000221213.jpg
000000221281.jpg,val2017\000000221281.jpg
000000221291.jpg,val2017\000000221291.jpg
000000221502.jpg,val2017\000000221502.jpg
000000221693.jpg,val2017\000000221693.jpg
000000221708.jpg,val2017\000000221708.jpg
000000221754.jpg,val2017\000000221754.jpg
000000221872.jpg,val2017\000000221872.jpg
000000222094.jpg,val2017\000000222094.jpg
000000222118.jpg,val2017\000000222118.jpg
000000222235.jpg,val2017\000000222235.jpg
000000222299.jpg,val2017\000000222299.jpg
000000222317.jpg,val2017\000000222317.jpg
000000222455.jpg,val2017\000000222455.jpg
000000222458.jpg,val2017\000000222458.jpg
000000222559.jpg,val2017\000000222559.jpg
000000222735.jpg,val2017\000000222735.jpg
000000222825.jpg,val2017\000000222825.jpg
000000222863.jpg,val2017\000000222863.jpg
000000222991.jpg,val2017\000000222991.jpg
000000223090.jpg,val2017\000000223090.jpg
000000223130.jpg,val2017\000000223130.jpg
000000223182.jpg,val2017\000000223182.jpg
000000223188.jpg,val2017\000000223188.jpg
000000223738.jpg,val2017\000000223738.jpg
000000223747.jpg,val2017\000000223747.jpg
000000223789.jpg,val2017\000000223789.jpg
000000223955.jpg,val2017\000000223955.jpg
000000223959.jpg,val2017\000000223959.jpg
000000224051.jpg,val2017\000000224051.jpg
000000224093.jpg,val2017\000000224093.jpg
000000224119.jpg,val2017\000000224119.jpg
000000224200.jpg,val2017\000000224200.jpg
000000224222.jpg,val2017\000000224222.jpg
000000224337.jpg,val2017\000000224337.jpg
000000224664.jpg,val2017\000000224664.jpg
000000224675.jpg,val2017\000000224675.jpg
000000224724.jpg,val2017\000000224724.jpg
000000224807.jpg,val2017\000000224807.jpg
000000225184.jpg,val2017\000000225184.jpg
000000225405.jpg,val2017\000000225405.jpg
000000225532.jpg,val2017\000000225532.jpg
000000225670.jpg,val2017\000000225670.jpg
000000225757.jpg,val2017\000000225757.jpg
000000225946.jpg,val2017\000000225946.jpg
000000226058.jpg,val2017\000000226058.jpg
000000226111.jpg,val2017\000000226111.jpg
000000226130.jpg,val2017\000000226130.jpg
000000226147.jpg,val2017\000000226147.jpg
000000226154.jpg,val2017\000000226154.jpg
000000226171.jpg,val2017\000000226171.jpg
000000226408.jpg,val2017\000000226408.jpg
000000226417.jpg,val2017\000000226417.jpg
000000226592.jpg,val2017\000000226592.jpg
000000226662.jpg,val2017\000000226662.jpg
000000226802.jpg,val2017\000000226802.jpg
000000226883.jpg,val2017\000000226883.jpg
000000226903.jpg,val2017\000000226903.jpg
000000226984.jpg,val2017\000000226984.jpg
000000227044.jpg,val2017\000000227044.jpg
000000227187.jpg,val2017\000000227187.jpg
000000227399.jpg,val2017\000000227399.jpg
000000227478.jpg,val2017\000000227478.jpg
000000227482.jpg,val2017\000000227482.jpg
000000227491.jpg,val2017\000000227491.jpg
000000227511.jpg,val2017\000000227511.jpg
000000227686.jpg,val2017\000000227686.jpg
000000227765.jpg,val2017\000000227765.jpg
000000227898.jpg,val2017\000000227898.jpg
000000227985.jpg,val2017\000000227985.jpg
000000228144.jpg,val2017\000000228144.jpg
000000228214.jpg,val2017\000000228214.jpg
000000228436.jpg,val2017\000000228436.jpg
000000228771.jpg,val2017\000000228771.jpg
000000228942.jpg,val2017\000000228942.jpg
000000228981.jpg,val2017\000000228981.jpg
000000229111.jpg,val2017\000000229111.jpg
000000229216.jpg,val2017\000000229216.jpg
000000229221.jpg,val2017\000000229221.jpg
000000229311.jpg,val2017\000000229311.jpg
000000229358.jpg,val2017\000000229358.jpg
000000229553.jpg,val2017\000000229553.jpg
000000229601.jpg,val2017\000000229601.jpg
000000229659.jpg,val2017\000000229659.jpg
000000229747.jpg,val2017\000000229747.jpg
